#
# There is insufficient memory for the Java Runtime Environment to continue.
# Native memory allocation (malloc) failed to allocate 1089936 bytes for Chunk::new
# Possible reasons:
#   The system is out of physical RAM or swap space
#   The process is running with CompressedOops enabled, and the Java Heap may be blocking the growth of the native heap
# Possible solutions:
#   Reduce memory load on the system
#   Increase physical memory or swap space
#   Check if swap backing store is full
#   Decrease Java heap size (-Xmx/-Xms)
#   Decrease number of Java threads
#   Decrease Java thread stack sizes (-Xss)
#   Set larger code cache with -XX:ReservedCodeCacheSize=
#   JVM is running with Unscaled Compressed Oops mode in which the Java heap is
#     placed in the first 4GB address space. The Java Heap base address is the
#     maximum limit for the native heap growth. Please use -XX:HeapBaseMinAddress
#     to set the Java Heap base and to place the Java Heap above 4GB virtual address.
# This output file may be truncated or incomplete.
#
#  Out of Memory Error (./src/hotspot/share/memory/arena.cpp:197), pid=8616, tid=12488
#
# JRE version: OpenJDK Runtime Environment (11.0.11+9) (build 11.0.11+9-b60-7590822)
# Java VM: OpenJDK 64-Bit Server VM (11.0.11+9-b60-7590822, mixed mode, tiered, compressed oops, g1 gc, windows-amd64)
# No core dump will be written. Minidumps are not enabled by default on client versions of Windows
#

---------------  S U M M A R Y ------------

Command Line: --add-opens=java.base/java.util=ALL-UNNAMED --add-opens=java.base/java.lang=ALL-UNNAMED --add-opens=java.base/java.lang.invoke=ALL-UNNAMED --add-opens=java.base/java.util=ALL-UNNAMED --add-opens=java.prefs/java.util.prefs=ALL-UNNAMED --add-opens=java.prefs/java.util.prefs=ALL-UNNAMED --add-opens=java.base/java.nio.charset=ALL-UNNAMED --add-opens=java.base/java.net=ALL-UNNAMED --add-opens=java.base/java.util.concurrent.atomic=ALL-UNNAMED -Xmx1536m -Dfile.encoding=windows-1250 -Duser.country=CZ -Duser.language=cs -Duser.variant org.gradle.launcher.daemon.bootstrap.GradleDaemon 7.2

Host: AMD Ryzen 5 5500U with Radeon Graphics         , 12 cores, 15G,  Windows 10 , 64 bit Build 22621 (10.0.22621.4391)
Time: Mon Dec 16 13:30:49 2024 Støední Evropa (bìžný èas) elapsed time: 1995.361176 seconds (0d 0h 33m 15s)

---------------  T H R E A D  ---------------

Current thread (0x000001a1dade6000):  JavaThread "C2 CompilerThread1" daemon [_thread_in_native, id=12488, stack(0x00000060e3700000,0x00000060e3800000)]


Current CompileTask:
C2:1995361 28887   !   4       org.gradle.api.internal.artifacts.transform.TransformingAsyncArtifactListener$TransformedArtifact::finalizeValue (165 bytes)

Stack: [0x00000060e3700000,0x00000060e3800000]
Native frames: (J=compiled Java code, j=interpreted, Vv=VM code, C=native code)
V  [jvm.dll+0x5f214a]
V  [jvm.dll+0x726fb5]
V  [jvm.dll+0x7285cd]
V  [jvm.dll+0x728c83]
V  [jvm.dll+0x243278]
V  [jvm.dll+0xbc53c]
V  [jvm.dll+0xbca3c]
V  [jvm.dll+0x2b5c34]
V  [jvm.dll+0x508488]
V  [jvm.dll+0x1fd826]
V  [jvm.dll+0x1fb35f]
V  [jvm.dll+0x183d6c]
V  [jvm.dll+0x209a57]
V  [jvm.dll+0x2082a1]
V  [jvm.dll+0x6ef58f]
V  [jvm.dll+0x6e80b5]
V  [jvm.dll+0x5f1036]
C  [ucrtbase.dll+0x29333]
C  [KERNEL32.DLL+0x1259d]
C  [ntdll.dll+0x5af38]


---------------  P R O C E S S  ---------------

Threads class SMR info:
_java_thread_list=0x000001a1d7e40aa0, length=193, elements={
0x000001a1b4265800, 0x000001a1d0009000, 0x000001a1d0012000, 0x000001a1d006e800,
0x000001a1d0070000, 0x000001a1d0073000, 0x000001a1d0074800, 0x000001a1d0097800,
0x000001a1d009c000, 0x000001a1d020a000, 0x000001a1d2513800, 0x000001a1d02ed800,
0x000001a1d1b1d800, 0x000001a1d2044000, 0x000001a1d2042800, 0x000001a1d2043000,
0x000001a1d2040000, 0x000001a1d203e800, 0x000001a1d2040800, 0x000001a1d2045000,
0x000001a1d3b1d800, 0x000001a1d3b1f000, 0x000001a1d3b22000, 0x000001a1d3b1c800,
0x000001a1d3b1f800, 0x000001a1d3b23000, 0x000001a1d3b21800, 0x000001a1d3b24000,
0x000001a1d3b1e000, 0x000001a1d3b24800, 0x000001a1d3b28000, 0x000001a1d3b28800,
0x000001a1d763a800, 0x000001a1da2d7800, 0x000001a1da2e9800, 0x000001a1da2d5000,
0x000001a1da2da000, 0x000001a1da2d4800, 0x000001a1da2db000, 0x000001a1da2db800,
0x000001a1da2d8800, 0x000001a1da2d6000, 0x000001a1da2dc800, 0x000001a1da2d9000,
0x000001a1da2d6800, 0x000001a1da2e2000, 0x000001a1da2df000, 0x000001a1da2e1800,
0x000001a1da2e0800, 0x000001a1da2dd800, 0x000001a1da2e3000, 0x000001a1da2e4000,
0x000001a1da2e5800, 0x000001a1da2ea800, 0x000001a1da2e8000, 0x000001a1da2e8800,
0x000001a1da2e7000, 0x000001a1da2e4800, 0x000001a1da2eb000, 0x000001a1da2e6000,
0x000001a1da2f0000, 0x000001a1da2ed000, 0x000001a1da2ee800, 0x000001a1da2ec000,
0x000001a1da2f3800, 0x000001a1da2f1000, 0x000001a1da2f1800, 0x000001a1da2ed800,
0x000001a1da2ef000, 0x000001a1da2f2800, 0x000001a1dfda2800, 0x000001a1dfda4000,
0x000001a1dfda5800, 0x000001a1dfda8000, 0x000001a1dfda6800, 0x000001a1dfda7800,
0x000001a1dfda9000, 0x000001a1dfda3000, 0x000001a1dfdac000, 0x000001a1dfdad000,
0x000001a1dfdab800, 0x000001a1dfdae000, 0x000001a1dfdae800, 0x000001a1dfdaf800,
0x000001a1dfda9800, 0x000001a1dfdb0000, 0x000001a1dfdaa800, 0x000001a1dfdb1000,
0x000001a1d763c800, 0x000001a1d763f000, 0x000001a1d763d000, 0x000001a1d763e000,
0x000001a1d7639000, 0x000001a1d763a000, 0x000001a1d763f800, 0x000001a1d7643000,
0x000001a1d7643800, 0x000001a1d7646000, 0x000001a1d7640800, 0x000001a1d7644800,
0x000001a1d7648000, 0x000001a1d7645800, 0x000001a1d7647000, 0x000001a1d3b25800,
0x000001a1d3b26800, 0x000001a1d3b20800, 0x000001a1d3b2b000, 0x000001a1d2041800,
0x000001a1d203f000, 0x000001a1e1a01000, 0x000001a1e1a00000, 0x000001a1e1a05000,
0x000001a1e1a04000, 0x000001a1e1a01800, 0x000001a1e1a02800, 0x000001a1e19ff000,
0x000001a1e1a05800, 0x000001a1e1a06800, 0x000001a1e1a07800, 0x000001a1e1a03000,
0x000001a1e1a0b800, 0x000001a1e1a0d000, 0x000001a1e1a08000, 0x000001a1e1a0e000,
0x000001a1e1a0a800, 0x000001a1e1a0c000, 0x000001a1e1a09000, 0x000001a1e1a09800,
0x000001a1dfa1c000, 0x000001a1dfa1d800, 0x000001a1dfa22800, 0x000001a1dfa21000,
0x000001a1dfa1e800, 0x000001a1dfa21800, 0x000001a1dfa1d000, 0x000001a1dfa23800,
0x000001a1dfa24000, 0x000001a1dfa25000, 0x000001a1dfa1f800, 0x000001a1dfa26000,
0x000001a1dfa20000, 0x000001a1dfa2a800, 0x000001a1dfa28800, 0x000001a1dfa29000,
0x000001a1dfa26800, 0x000001a1dfa27800, 0x000001a1dfa2a000, 0x000001a1df52e000,
0x000001a1df52e800, 0x000001a1df52f800, 0x000001a1df52b800, 0x000001a1df52d000,
0x000001a1df529800, 0x000001a1df530000, 0x000001a1df52a800, 0x000001a1df531000,
0x000001a1df532000, 0x000001a1df52c000, 0x000001a1df534800, 0x000001a1df536800,
0x000001a1df536000, 0x000001a1df537800, 0x000001a1df535000, 0x000001a1df538800,
0x000001a1df532800, 0x000001a1df533800, 0x000001a1dadd7000, 0x000001a1dadd8000,
0x000001a1dadd9000, 0x000001a1dadd5800, 0x000001a1dadd9800, 0x000001a1dadd4800,
0x000001a1dadd6800, 0x000001a1dadd4000, 0x000001a1dadde800, 0x000001a1daddc000,
0x000001a1daddd800, 0x000001a1daddd000, 0x000001a1daddf800, 0x000001a1dade0000,
0x000001a1daddb800, 0x000001a1dade4800, 0x000001a1dade6800, 0x000001a1dade7800,
0x000001a1dade2000, 0x000001a1dade3800, 0x000001a1dade5000, 0x000001a1dade1000,
0x000001a1daded000, 0x000001a1dadec800, 0x000001a1dade6000, 0x000001a1dadee000,
0x000001a1dadeb000
}

Java Threads: ( => current thread )
  0x000001a1b4265800 JavaThread "main" [_thread_blocked, id=12084, stack(0x00000060df800000,0x00000060df900000)]
  0x000001a1d0009000 JavaThread "Reference Handler" daemon [_thread_blocked, id=17444, stack(0x00000060dff00000,0x00000060e0000000)]
  0x000001a1d0012000 JavaThread "Finalizer" daemon [_thread_blocked, id=18696, stack(0x00000060e0000000,0x00000060e0100000)]
  0x000001a1d006e800 JavaThread "Signal Dispatcher" daemon [_thread_blocked, id=4696, stack(0x00000060e0100000,0x00000060e0200000)]
  0x000001a1d0070000 JavaThread "Attach Listener" daemon [_thread_blocked, id=17440, stack(0x00000060e0200000,0x00000060e0300000)]
  0x000001a1d0073000 JavaThread "Service Thread" daemon [_thread_blocked, id=18712, stack(0x00000060e0300000,0x00000060e0400000)]
  0x000001a1d0074800 JavaThread "C2 CompilerThread0" daemon [_thread_in_native, id=21408, stack(0x00000060e0400000,0x00000060e0500000)]
  0x000001a1d0097800 JavaThread "C1 CompilerThread0" daemon [_thread_blocked, id=14908, stack(0x00000060e0500000,0x00000060e0600000)]
  0x000001a1d009c000 JavaThread "Sweeper thread" daemon [_thread_blocked, id=15300, stack(0x00000060e0600000,0x00000060e0700000)]
  0x000001a1d020a000 JavaThread "Common-Cleaner" daemon [_thread_blocked, id=15312, stack(0x00000060e0700000,0x00000060e0800000)]
  0x000001a1d2513800 JavaThread "Daemon health stats" [_thread_blocked, id=2780, stack(0x00000060e0f00000,0x00000060e1000000)]
  0x000001a1d02ed800 JavaThread "Incoming local TCP Connector on port 50666" [_thread_in_native, id=17388, stack(0x00000060e0900000,0x00000060e0a00000)]
  0x000001a1d1b1d800 JavaThread "Daemon periodic checks" [_thread_blocked, id=22300, stack(0x00000060e0e00000,0x00000060e0f00000)]
  0x000001a1d2044000 JavaThread "Cache worker for journal cache (C:\Users\KubMak\.gradle\caches\journal-1)" [_thread_blocked, id=19712, stack(0x00000060e1700000,0x00000060e1800000)]
  0x000001a1d2042800 JavaThread "File lock request listener" [_thread_in_native, id=20664, stack(0x00000060e1800000,0x00000060e1900000)]
  0x000001a1d2043000 JavaThread "Cache worker for file hash cache (C:\Users\KubMak\.gradle\caches\7.2\fileHashes)" [_thread_blocked, id=20756, stack(0x00000060e2000000,0x00000060e2100000)]
  0x000001a1d2040000 JavaThread "File watcher server" daemon [_thread_in_native, id=16668, stack(0x00000060e2300000,0x00000060e2400000)]
  0x000001a1d203e800 JavaThread "File watcher consumer" daemon [_thread_blocked, id=18556, stack(0x00000060e2400000,0x00000060e2500000)]
  0x000001a1d2040800 JavaThread "jar transforms" [_thread_blocked, id=2728, stack(0x00000060e2500000,0x00000060e2600000)]
  0x000001a1d2045000 JavaThread "jar transforms Thread 2" [_thread_blocked, id=3984, stack(0x00000060e2600000,0x00000060e2700000)]
  0x000001a1d3b1d800 JavaThread "jar transforms Thread 3" [_thread_blocked, id=18724, stack(0x00000060e2700000,0x00000060e2800000)]
  0x000001a1d3b1f000 JavaThread "jar transforms Thread 4" [_thread_blocked, id=19484, stack(0x00000060e2800000,0x00000060e2900000)]
  0x000001a1d3b22000 JavaThread "jar transforms Thread 5" [_thread_blocked, id=19544, stack(0x00000060e2900000,0x00000060e2a00000)]
  0x000001a1d3b1c800 JavaThread "jar transforms Thread 6" [_thread_blocked, id=15848, stack(0x00000060e2a00000,0x00000060e2b00000)]
  0x000001a1d3b1f800 JavaThread "jar transforms Thread 7" [_thread_blocked, id=19520, stack(0x00000060e2b00000,0x00000060e2c00000)]
  0x000001a1d3b23000 JavaThread "jar transforms Thread 8" [_thread_blocked, id=19568, stack(0x00000060e2c00000,0x00000060e2d00000)]
  0x000001a1d3b21800 JavaThread "jar transforms Thread 9" [_thread_blocked, id=19788, stack(0x00000060e2d00000,0x00000060e2e00000)]
  0x000001a1d3b24000 JavaThread "jar transforms Thread 10" [_thread_blocked, id=20404, stack(0x00000060e2e00000,0x00000060e2f00000)]
  0x000001a1d3b1e000 JavaThread "jar transforms Thread 11" [_thread_blocked, id=8652, stack(0x00000060e2f00000,0x00000060e3000000)]
  0x000001a1d3b24800 JavaThread "jar transforms Thread 12" [_thread_blocked, id=8988, stack(0x00000060e3000000,0x00000060e3100000)]
  0x000001a1d3b28000 JavaThread "Cache worker for execution history cache (C:\Users\KubMak\.gradle\caches\7.2\executionHistory)" [_thread_blocked, id=11640, stack(0x00000060e3500000,0x00000060e3600000)]
  0x000001a1d3b28800 JavaThread "Cache worker for file content cache (C:\Users\KubMak\.gradle\caches\7.2\fileContent)" [_thread_blocked, id=19240, stack(0x00000060e3600000,0x00000060e3700000)]
  0x000001a1d763a800 JavaThread "Memory manager" [_thread_blocked, id=4512, stack(0x00000060eb100000,0x00000060eb200000)]
  0x000001a1da2d7800 JavaThread "Cache worker for Java compile cache (C:\Users\KubMak\.gradle\caches\7.2\javaCompile)" [_thread_blocked, id=18236, stack(0x00000060ec900000,0x00000060eca00000)]
  0x000001a1da2e9800 JavaThread "ForkJoinPool.commonPool-worker-7" daemon [_thread_blocked, id=12028, stack(0x00000060ee900000,0x00000060eea00000)]
  0x000001a1da2d5000 JavaThread "Daemon Thread 4" [_thread_blocked, id=15764, stack(0x00000060df500000,0x00000060df600000)]
  0x000001a1da2da000 JavaThread "Handler for socket connection from /127.0.0.1:50666 to /127.0.0.1:51281" [_thread_in_native, id=19512, stack(0x00000060df600000,0x00000060df700000)]
  0x000001a1da2d4800 JavaThread "Cancel handler" [_thread_blocked, id=9688, stack(0x00000060df700000,0x00000060df800000)]
  0x000001a1da2db000 JavaThread "Daemon worker Thread 4" [_thread_blocked, id=3796, stack(0x00000060e1000000,0x00000060e1100000)]
  0x000001a1da2db800 JavaThread "Asynchronous log dispatcher for DefaultDaemonConnection: socket connection from /127.0.0.1:50666 to /127.0.0.1:51281" [_thread_blocked, id=6816, stack(0x00000060e1100000,0x00000060e1200000)]
  0x000001a1da2d8800 JavaThread "Stdin handler" [_thread_blocked, id=15152, stack(0x00000060e1200000,0x00000060e1300000)]
  0x000001a1da2d6000 JavaThread "Daemon client event forwarder" [_thread_blocked, id=10872, stack(0x00000060e1300000,0x00000060e1400000)]
  0x000001a1da2dc800 JavaThread "Cache worker for file hash cache (C:\gitprojekty\ICUK_Rubby_app-5_dod_ujep_02_24\.gradle\7.2\fileHashes)" [_thread_blocked, id=10796, stack(0x00000060e1400000,0x00000060e1500000)]
  0x000001a1da2d9000 JavaThread "Cache worker for checksums cache (C:\gitprojekty\ICUK_Rubby_app-5_dod_ujep_02_24\.gradle\checksums)" [_thread_blocked, id=15824, stack(0x00000060e1500000,0x00000060e1600000)]
  0x000001a1da2d6800 JavaThread "Cache worker for cache directory md-supplier (C:\Users\KubMak\.gradle\caches\7.2\md-supplier)" [_thread_blocked, id=1448, stack(0x00000060e1600000,0x00000060e1700000)]
  0x000001a1da2e2000 JavaThread "Cache worker for cache directory md-rule (C:\Users\KubMak\.gradle\caches\7.2\md-rule)" [_thread_blocked, id=12144, stack(0x00000060e3200000,0x00000060e3300000)]
  0x000001a1da2df000 JavaThread "Cache worker for dependencies-accessors (C:\gitprojekty\ICUK_Rubby_app-5_dod_ujep_02_24\.gradle\7.2\dependencies-accessors)" [_thread_blocked, id=356, stack(0x00000060e3300000,0x00000060e3400000)]
  0x000001a1da2e1800 JavaThread "Cache worker for Build Output Cleanup Cache (C:\gitprojekty\ICUK_Rubby_app-5_dod_ujep_02_24\.gradle\buildOutputCleanup)" [_thread_blocked, id=6056, stack(0x00000060e3400000,0x00000060e3500000)]
  0x000001a1da2e0800 JavaThread "Unconstrained build operations" [_thread_blocked, id=13668, stack(0x00000060e3900000,0x00000060e3a00000)]
  0x000001a1da2dd800 JavaThread "Unconstrained build operations Thread 2" [_thread_blocked, id=5456, stack(0x00000060e3a00000,0x00000060e3b00000)]
  0x000001a1da2e3000 JavaThread "Unconstrained build operations Thread 3" [_thread_blocked, id=18480, stack(0x00000060e3b00000,0x00000060e3c00000)]
  0x000001a1da2e4000 JavaThread "Unconstrained build operations Thread 4" [_thread_blocked, id=15588, stack(0x00000060e3c00000,0x00000060e3d00000)]
  0x000001a1da2e5800 JavaThread "Unconstrained build operations Thread 5" [_thread_blocked, id=17108, stack(0x00000060e3d00000,0x00000060e3e00000)]
  0x000001a1da2ea800 JavaThread "Unconstrained build operations Thread 6" [_thread_blocked, id=10904, stack(0x00000060e3e00000,0x00000060e3f00000)]
  0x000001a1da2e8000 JavaThread "Unconstrained build operations Thread 7" [_thread_blocked, id=21900, stack(0x00000060e3f00000,0x00000060e4000000)]
  0x000001a1da2e8800 JavaThread "Unconstrained build operations Thread 8" [_thread_blocked, id=16076, stack(0x00000060e4000000,0x00000060e4100000)]
  0x000001a1da2e7000 JavaThread "Unconstrained build operations Thread 9" [_thread_blocked, id=16832, stack(0x00000060e4100000,0x00000060e4200000)]
  0x000001a1da2e4800 JavaThread "Unconstrained build operations Thread 10" [_thread_blocked, id=13624, stack(0x00000060e4200000,0x00000060e4300000)]
  0x000001a1da2eb000 JavaThread "Unconstrained build operations Thread 11" [_thread_blocked, id=5952, stack(0x00000060e4300000,0x00000060e4400000)]
  0x000001a1da2e6000 JavaThread "Unconstrained build operations Thread 12" [_thread_blocked, id=13556, stack(0x00000060e4400000,0x00000060e4500000)]
  0x000001a1da2f0000 JavaThread "Unconstrained build operations Thread 13" [_thread_blocked, id=21672, stack(0x00000060e4500000,0x00000060e4600000)]
  0x000001a1da2ed000 JavaThread "Unconstrained build operations Thread 14" [_thread_blocked, id=4992, stack(0x00000060e4600000,0x00000060e4700000)]
  0x000001a1da2ee800 JavaThread "Unconstrained build operations Thread 15" [_thread_blocked, id=14408, stack(0x00000060e4700000,0x00000060e4800000)]
  0x000001a1da2ec000 JavaThread "Unconstrained build operations Thread 16" [_thread_blocked, id=17528, stack(0x00000060e4800000,0x00000060e4900000)]
  0x000001a1da2f3800 JavaThread "Unconstrained build operations Thread 17" [_thread_blocked, id=10660, stack(0x00000060e4900000,0x00000060e4a00000)]
  0x000001a1da2f1000 JavaThread "Unconstrained build operations Thread 18" [_thread_blocked, id=10808, stack(0x00000060e4a00000,0x00000060e4b00000)]
  0x000001a1da2f1800 JavaThread "Unconstrained build operations Thread 19" [_thread_blocked, id=16972, stack(0x00000060e4b00000,0x00000060e4c00000)]
  0x000001a1da2ed800 JavaThread "Unconstrained build operations Thread 20" [_thread_blocked, id=10292, stack(0x00000060e4c00000,0x00000060e4d00000)]
  0x000001a1da2ef000 JavaThread "Unconstrained build operations Thread 21" [_thread_blocked, id=12800, stack(0x00000060e4d00000,0x00000060e4e00000)]
  0x000001a1da2f2800 JavaThread "Unconstrained build operations Thread 22" [_thread_blocked, id=19176, stack(0x00000060e4e00000,0x00000060e4f00000)]
  0x000001a1dfda2800 JavaThread "Unconstrained build operations Thread 23" [_thread_blocked, id=4776, stack(0x00000060e4f00000,0x00000060e5000000)]
  0x000001a1dfda4000 JavaThread "Unconstrained build operations Thread 24" [_thread_blocked, id=304, stack(0x00000060e5000000,0x00000060e5100000)]
  0x000001a1dfda5800 JavaThread "Unconstrained build operations Thread 25" [_thread_blocked, id=19460, stack(0x00000060e5100000,0x00000060e5200000)]
  0x000001a1dfda8000 JavaThread "Unconstrained build operations Thread 26" [_thread_blocked, id=10368, stack(0x00000060e5200000,0x00000060e5300000)]
  0x000001a1dfda6800 JavaThread "Unconstrained build operations Thread 27" [_thread_blocked, id=3164, stack(0x00000060e5300000,0x00000060e5400000)]
  0x000001a1dfda7800 JavaThread "Unconstrained build operations Thread 28" [_thread_blocked, id=21776, stack(0x00000060e5400000,0x00000060e5500000)]
  0x000001a1dfda9000 JavaThread "Unconstrained build operations Thread 29" [_thread_blocked, id=22148, stack(0x00000060e5500000,0x00000060e5600000)]
  0x000001a1dfda3000 JavaThread "Unconstrained build operations Thread 30" [_thread_blocked, id=10416, stack(0x00000060e5600000,0x00000060e5700000)]
  0x000001a1dfdac000 JavaThread "Unconstrained build operations Thread 31" [_thread_blocked, id=8112, stack(0x00000060e5700000,0x00000060e5800000)]
  0x000001a1dfdad000 JavaThread "Unconstrained build operations Thread 32" [_thread_blocked, id=13660, stack(0x00000060e5800000,0x00000060e5900000)]
  0x000001a1dfdab800 JavaThread "Unconstrained build operations Thread 33" [_thread_blocked, id=12020, stack(0x00000060e5900000,0x00000060e5a00000)]
  0x000001a1dfdae000 JavaThread "Unconstrained build operations Thread 34" [_thread_blocked, id=2732, stack(0x00000060e5a00000,0x00000060e5b00000)]
  0x000001a1dfdae800 JavaThread "Unconstrained build operations Thread 35" [_thread_blocked, id=17356, stack(0x00000060e5b00000,0x00000060e5c00000)]
  0x000001a1dfdaf800 JavaThread "Unconstrained build operations Thread 36" [_thread_blocked, id=15436, stack(0x00000060e5c00000,0x00000060e5d00000)]
  0x000001a1dfda9800 JavaThread "Unconstrained build operations Thread 37" [_thread_blocked, id=19468, stack(0x00000060e5d00000,0x00000060e5e00000)]
  0x000001a1dfdb0000 JavaThread "Unconstrained build operations Thread 38" [_thread_blocked, id=16784, stack(0x00000060e5e00000,0x00000060e5f00000)]
  0x000001a1dfdaa800 JavaThread "Unconstrained build operations Thread 39" [_thread_blocked, id=14724, stack(0x00000060e5f00000,0x00000060e6000000)]
  0x000001a1dfdb1000 JavaThread "Unconstrained build operations Thread 40" [_thread_blocked, id=3992, stack(0x00000060e6000000,0x00000060e6100000)]
  0x000001a1d763c800 JavaThread "Unconstrained build operations Thread 41" [_thread_blocked, id=2468, stack(0x00000060e6100000,0x00000060e6200000)]
  0x000001a1d763f000 JavaThread "Unconstrained build operations Thread 42" [_thread_blocked, id=5132, stack(0x00000060e6200000,0x00000060e6300000)]
  0x000001a1d763d000 JavaThread "Unconstrained build operations Thread 43" [_thread_blocked, id=6576, stack(0x00000060e6300000,0x00000060e6400000)]
  0x000001a1d763e000 JavaThread "Unconstrained build operations Thread 44" [_thread_blocked, id=17376, stack(0x00000060e6400000,0x00000060e6500000)]
  0x000001a1d7639000 JavaThread "Unconstrained build operations Thread 45" [_thread_blocked, id=8452, stack(0x00000060e6500000,0x00000060e6600000)]
  0x000001a1d763a000 JavaThread "Unconstrained build operations Thread 46" [_thread_blocked, id=13120, stack(0x00000060e6600000,0x00000060e6700000)]
  0x000001a1d763f800 JavaThread "Unconstrained build operations Thread 47" [_thread_blocked, id=16728, stack(0x00000060e6700000,0x00000060e6800000)]
  0x000001a1d7643000 JavaThread "Unconstrained build operations Thread 48" [_thread_blocked, id=13080, stack(0x00000060e6800000,0x00000060e6900000)]
  0x000001a1d7643800 JavaThread "Unconstrained build operations Thread 49" [_thread_blocked, id=17764, stack(0x00000060e6900000,0x00000060e6a00000)]
  0x000001a1d7646000 JavaThread "Unconstrained build operations Thread 50" [_thread_blocked, id=17792, stack(0x00000060e6a00000,0x00000060e6b00000)]
  0x000001a1d7640800 JavaThread "Unconstrained build operations Thread 51" [_thread_blocked, id=20936, stack(0x00000060e6b00000,0x00000060e6c00000)]
  0x000001a1d7644800 JavaThread "Unconstrained build operations Thread 52" [_thread_blocked, id=22012, stack(0x00000060e6c00000,0x00000060e6d00000)]
  0x000001a1d7648000 JavaThread "Unconstrained build operations Thread 53" [_thread_blocked, id=14260, stack(0x00000060e6d00000,0x00000060e6e00000)]
  0x000001a1d7645800 JavaThread "Unconstrained build operations Thread 54" [_thread_blocked, id=11888, stack(0x00000060e6e00000,0x00000060e6f00000)]
  0x000001a1d7647000 JavaThread "Unconstrained build operations Thread 55" [_thread_blocked, id=4772, stack(0x00000060e6f00000,0x00000060e7000000)]
  0x000001a1d3b25800 JavaThread "Unconstrained build operations Thread 56" [_thread_blocked, id=17188, stack(0x00000060e7000000,0x00000060e7100000)]
  0x000001a1d3b26800 JavaThread "Unconstrained build operations Thread 57" [_thread_blocked, id=9844, stack(0x00000060e7100000,0x00000060e7200000)]
  0x000001a1d3b20800 JavaThread "Unconstrained build operations Thread 58" [_thread_blocked, id=16424, stack(0x00000060e7200000,0x00000060e7300000)]
  0x000001a1d3b2b000 JavaThread "Unconstrained build operations Thread 59" [_thread_blocked, id=19124, stack(0x00000060e7300000,0x00000060e7400000)]
  0x000001a1d2041800 JavaThread "Unconstrained build operations Thread 60" [_thread_blocked, id=8028, stack(0x00000060e7400000,0x00000060e7500000)]
  0x000001a1d203f000 JavaThread "Unconstrained build operations Thread 61" [_thread_blocked, id=3464, stack(0x00000060e7500000,0x00000060e7600000)]
  0x000001a1e1a01000 JavaThread "Unconstrained build operations Thread 62" [_thread_blocked, id=20888, stack(0x00000060e7600000,0x00000060e7700000)]
  0x000001a1e1a00000 JavaThread "Unconstrained build operations Thread 63" [_thread_blocked, id=9492, stack(0x00000060e7700000,0x00000060e7800000)]
  0x000001a1e1a05000 JavaThread "Unconstrained build operations Thread 64" [_thread_blocked, id=19348, stack(0x00000060e7800000,0x00000060e7900000)]
  0x000001a1e1a04000 JavaThread "Unconstrained build operations Thread 65" [_thread_blocked, id=16520, stack(0x00000060e7900000,0x00000060e7a00000)]
  0x000001a1e1a01800 JavaThread "Unconstrained build operations Thread 66" [_thread_blocked, id=5016, stack(0x00000060e7a00000,0x00000060e7b00000)]
  0x000001a1e1a02800 JavaThread "Unconstrained build operations Thread 67" [_thread_blocked, id=11412, stack(0x00000060e7b00000,0x00000060e7c00000)]
  0x000001a1e19ff000 JavaThread "Unconstrained build operations Thread 68" [_thread_blocked, id=10784, stack(0x00000060e7c00000,0x00000060e7d00000)]
  0x000001a1e1a05800 JavaThread "Unconstrained build operations Thread 69" [_thread_blocked, id=4952, stack(0x00000060e7d00000,0x00000060e7e00000)]
  0x000001a1e1a06800 JavaThread "Unconstrained build operations Thread 70" [_thread_blocked, id=21036, stack(0x00000060e7e00000,0x00000060e7f00000)]
  0x000001a1e1a07800 JavaThread "Unconstrained build operations Thread 71" [_thread_blocked, id=10332, stack(0x00000060e7f00000,0x00000060e8000000)]
  0x000001a1e1a03000 JavaThread "Unconstrained build operations Thread 72" [_thread_blocked, id=14276, stack(0x00000060e8000000,0x00000060e8100000)]
  0x000001a1e1a0b800 JavaThread "Unconstrained build operations Thread 73" [_thread_blocked, id=13240, stack(0x00000060e8100000,0x00000060e8200000)]
  0x000001a1e1a0d000 JavaThread "Unconstrained build operations Thread 74" [_thread_blocked, id=6104, stack(0x00000060e8200000,0x00000060e8300000)]
  0x000001a1e1a08000 JavaThread "Unconstrained build operations Thread 75" [_thread_blocked, id=7768, stack(0x00000060e8300000,0x00000060e8400000)]
  0x000001a1e1a0e000 JavaThread "Unconstrained build operations Thread 76" [_thread_blocked, id=6840, stack(0x00000060e8400000,0x00000060e8500000)]
  0x000001a1e1a0a800 JavaThread "Unconstrained build operations Thread 77" [_thread_blocked, id=16464, stack(0x00000060e8500000,0x00000060e8600000)]
  0x000001a1e1a0c000 JavaThread "Unconstrained build operations Thread 78" [_thread_blocked, id=1808, stack(0x00000060e8600000,0x00000060e8700000)]
  0x000001a1e1a09000 JavaThread "Unconstrained build operations Thread 79" [_thread_blocked, id=15344, stack(0x00000060e8700000,0x00000060e8800000)]
  0x000001a1e1a09800 JavaThread "Unconstrained build operations Thread 80" [_thread_blocked, id=13944, stack(0x00000060e8800000,0x00000060e8900000)]
  0x000001a1dfa1c000 JavaThread "Unconstrained build operations Thread 81" [_thread_blocked, id=9084, stack(0x00000060e8900000,0x00000060e8a00000)]
  0x000001a1dfa1d800 JavaThread "Unconstrained build operations Thread 82" [_thread_blocked, id=5104, stack(0x00000060e8a00000,0x00000060e8b00000)]
  0x000001a1dfa22800 JavaThread "Unconstrained build operations Thread 83" [_thread_blocked, id=16368, stack(0x00000060e8b00000,0x00000060e8c00000)]
  0x000001a1dfa21000 JavaThread "Unconstrained build operations Thread 84" [_thread_blocked, id=21008, stack(0x00000060e8c00000,0x00000060e8d00000)]
  0x000001a1dfa1e800 JavaThread "Unconstrained build operations Thread 85" [_thread_blocked, id=19120, stack(0x00000060e8d00000,0x00000060e8e00000)]
  0x000001a1dfa21800 JavaThread "Unconstrained build operations Thread 86" [_thread_blocked, id=13020, stack(0x00000060e8e00000,0x00000060e8f00000)]
  0x000001a1dfa1d000 JavaThread "Unconstrained build operations Thread 87" [_thread_blocked, id=13960, stack(0x00000060e8f00000,0x00000060e9000000)]
  0x000001a1dfa23800 JavaThread "Unconstrained build operations Thread 88" [_thread_blocked, id=15960, stack(0x00000060e9000000,0x00000060e9100000)]
  0x000001a1dfa24000 JavaThread "Unconstrained build operations Thread 89" [_thread_blocked, id=13796, stack(0x00000060e9100000,0x00000060e9200000)]
  0x000001a1dfa25000 JavaThread "Unconstrained build operations Thread 90" [_thread_blocked, id=16644, stack(0x00000060e9200000,0x00000060e9300000)]
  0x000001a1dfa1f800 JavaThread "Unconstrained build operations Thread 91" [_thread_blocked, id=20084, stack(0x00000060e9300000,0x00000060e9400000)]
  0x000001a1dfa26000 JavaThread "Unconstrained build operations Thread 92" [_thread_blocked, id=2740, stack(0x00000060e9400000,0x00000060e9500000)]
  0x000001a1dfa20000 JavaThread "Unconstrained build operations Thread 93" [_thread_blocked, id=1548, stack(0x00000060e9500000,0x00000060e9600000)]
  0x000001a1dfa2a800 JavaThread "Unconstrained build operations Thread 94" [_thread_blocked, id=1596, stack(0x00000060e9600000,0x00000060e9700000)]
  0x000001a1dfa28800 JavaThread "Unconstrained build operations Thread 95" [_thread_blocked, id=16388, stack(0x00000060e9700000,0x00000060e9800000)]
  0x000001a1dfa29000 JavaThread "Unconstrained build operations Thread 96" [_thread_blocked, id=19956, stack(0x00000060e9800000,0x00000060e9900000)]
  0x000001a1dfa26800 JavaThread "Unconstrained build operations Thread 97" [_thread_blocked, id=14272, stack(0x00000060e9900000,0x00000060e9a00000)]
  0x000001a1dfa27800 JavaThread "Unconstrained build operations Thread 98" [_thread_blocked, id=22000, stack(0x00000060e9a00000,0x00000060e9b00000)]
  0x000001a1dfa2a000 JavaThread "Unconstrained build operations Thread 99" [_thread_blocked, id=17708, stack(0x00000060e9b00000,0x00000060e9c00000)]
  0x000001a1df52e000 JavaThread "Unconstrained build operations Thread 100" [_thread_blocked, id=1456, stack(0x00000060e9c00000,0x00000060e9d00000)]
  0x000001a1df52e800 JavaThread "Unconstrained build operations Thread 101" [_thread_blocked, id=7544, stack(0x00000060e9d00000,0x00000060e9e00000)]
  0x000001a1df52f800 JavaThread "Unconstrained build operations Thread 102" [_thread_blocked, id=10780, stack(0x00000060e9e00000,0x00000060e9f00000)]
  0x000001a1df52b800 JavaThread "Unconstrained build operations Thread 103" [_thread_blocked, id=11528, stack(0x00000060e9f00000,0x00000060ea000000)]
  0x000001a1df52d000 JavaThread "Unconstrained build operations Thread 104" [_thread_blocked, id=10444, stack(0x00000060ea000000,0x00000060ea100000)]
  0x000001a1df529800 JavaThread "Unconstrained build operations Thread 105" [_thread_blocked, id=2936, stack(0x00000060ea100000,0x00000060ea200000)]
  0x000001a1df530000 JavaThread "Unconstrained build operations Thread 106" [_thread_blocked, id=8740, stack(0x00000060ea200000,0x00000060ea300000)]
  0x000001a1df52a800 JavaThread "Unconstrained build operations Thread 107" [_thread_blocked, id=16632, stack(0x00000060ea300000,0x00000060ea400000)]
  0x000001a1df531000 JavaThread "Unconstrained build operations Thread 108" [_thread_blocked, id=14960, stack(0x00000060ea400000,0x00000060ea500000)]
  0x000001a1df532000 JavaThread "Unconstrained build operations Thread 109" [_thread_blocked, id=18988, stack(0x00000060ea500000,0x00000060ea600000)]
  0x000001a1df52c000 JavaThread "Unconstrained build operations Thread 110" [_thread_blocked, id=3948, stack(0x00000060ea600000,0x00000060ea700000)]
  0x000001a1df534800 JavaThread "Unconstrained build operations Thread 111" [_thread_blocked, id=16320, stack(0x00000060ea700000,0x00000060ea800000)]
  0x000001a1df536800 JavaThread "Unconstrained build operations Thread 112" [_thread_blocked, id=21268, stack(0x00000060ea800000,0x00000060ea900000)]
  0x000001a1df536000 JavaThread "Unconstrained build operations Thread 113" [_thread_blocked, id=1340, stack(0x00000060ea900000,0x00000060eaa00000)]
  0x000001a1df537800 JavaThread "Unconstrained build operations Thread 114" [_thread_blocked, id=8800, stack(0x00000060eaa00000,0x00000060eab00000)]
  0x000001a1df535000 JavaThread "Unconstrained build operations Thread 115" [_thread_blocked, id=8980, stack(0x00000060eab00000,0x00000060eac00000)]
  0x000001a1df538800 JavaThread "Unconstrained build operations Thread 116" [_thread_blocked, id=244, stack(0x00000060eac00000,0x00000060ead00000)]
  0x000001a1df532800 JavaThread "Unconstrained build operations Thread 117" [_thread_blocked, id=18896, stack(0x00000060ead00000,0x00000060eae00000)]
  0x000001a1df533800 JavaThread "Unconstrained build operations Thread 118" [_thread_blocked, id=8016, stack(0x00000060eae00000,0x00000060eaf00000)]
  0x000001a1dadd7000 JavaThread "Unconstrained build operations Thread 119" [_thread_blocked, id=10800, stack(0x00000060eaf00000,0x00000060eb000000)]
  0x000001a1dadd8000 JavaThread "Unconstrained build operations Thread 120" [_thread_blocked, id=22296, stack(0x00000060eb000000,0x00000060eb100000)]
  0x000001a1dadd9000 JavaThread "build event listener" [_thread_blocked, id=20816, stack(0x00000060eb200000,0x00000060eb300000)]
  0x000001a1dadd5800 JavaThread "Execution worker for ':'" [_thread_blocked, id=5240, stack(0x00000060eb300000,0x00000060eb400000)]
  0x000001a1dadd9800 JavaThread "Execution worker for ':' Thread 2" [_thread_blocked, id=2032, stack(0x00000060eb400000,0x00000060eb500000)]
  0x000001a1dadd4800 JavaThread "Execution worker for ':' Thread 3" [_thread_blocked, id=4588, stack(0x00000060eb500000,0x00000060eb600000)]
  0x000001a1dadd6800 JavaThread "Execution worker for ':' Thread 4" [_thread_blocked, id=12760, stack(0x00000060eb600000,0x00000060eb700000)]
  0x000001a1dadd4000 JavaThread "Execution worker for ':' Thread 5" [_thread_blocked, id=22196, stack(0x00000060eb700000,0x00000060eb800000)]
  0x000001a1dadde800 JavaThread "Execution worker for ':' Thread 6" [_thread_blocked, id=12544, stack(0x00000060eb800000,0x00000060eb900000)]
  0x000001a1daddc000 JavaThread "Execution worker for ':' Thread 7" [_thread_blocked, id=20652, stack(0x00000060eb900000,0x00000060eba00000)]
  0x000001a1daddd800 JavaThread "Execution worker for ':' Thread 8" [_thread_blocked, id=19896, stack(0x00000060eba00000,0x00000060ebb00000)]
  0x000001a1daddd000 JavaThread "Execution worker for ':' Thread 9" [_thread_in_native, id=2912, stack(0x00000060ebb00000,0x00000060ebc00000)]
  0x000001a1daddf800 JavaThread "Execution worker for ':' Thread 10" [_thread_blocked, id=5128, stack(0x00000060ebc00000,0x00000060ebd00000)]
  0x000001a1dade0000 JavaThread "Execution worker for ':' Thread 11" [_thread_blocked, id=18524, stack(0x00000060ebd00000,0x00000060ebe00000)]
  0x000001a1daddb800 JavaThread "Cache worker for execution history cache (C:\gitprojekty\ICUK_Rubby_app-5_dod_ujep_02_24\.gradle\7.2\executionHistory)" [_thread_blocked, id=14876, stack(0x00000060ebe00000,0x00000060ebf00000)]
  0x000001a1dade4800 JavaThread "WorkerExecutor Queue Thread 6" [_thread_blocked, id=21568, stack(0x00000060ec400000,0x00000060ec500000)]
  0x000001a1dade6800 JavaThread "pool-11-thread-1" [_thread_blocked, id=14644, stack(0x00000060ec500000,0x00000060ec600000)]
  0x000001a1dade7800 JavaThread "stderr" [_thread_in_native, id=11396, stack(0x00000060ec600000,0x00000060ec700000)]
  0x000001a1dade2000 JavaThread "stdout" [_thread_in_native, id=17004, stack(0x00000060ec700000,0x00000060ec800000)]
  0x000001a1dade3800 JavaThread "RMI Scheduler(0)" daemon [_thread_blocked, id=18484, stack(0x00000060e3800000,0x00000060e3900000)]
  0x000001a1dade5000 JavaThread "RMI GC Daemon" daemon [_thread_blocked, id=17116, stack(0x00000060ec000000,0x00000060ec100000)]
  0x000001a1dade1000 JavaThread "RMI TCP Accept-0" daemon [_thread_in_native, id=19444, stack(0x00000060ec200000,0x00000060ec300000)]
  0x000001a1daded000 JavaThread "RMI Reaper" [_thread_blocked, id=3860, stack(0x00000060ec300000,0x00000060ec400000)]
  0x000001a1dadec800 JavaThread "RMI TCP Connection(1)-127.0.0.1" daemon [_thread_in_native, id=15928, stack(0x00000060ec800000,0x00000060ec900000)]
=>0x000001a1dade6000 JavaThread "C2 CompilerThread1" daemon [_thread_in_native, id=12488, stack(0x00000060e3700000,0x00000060e3800000)]
  0x000001a1dadee000 JavaThread "C2 CompilerThread2" daemon [_thread_in_native, id=9668, stack(0x00000060ec100000,0x00000060ec200000)]
  0x000001a1dadeb000 JavaThread "WorkerExecutor Queue Thread 7" [_thread_blocked, id=2056, stack(0x00000060eca00000,0x00000060ecb00000)]

Other Threads:
  0x000001a1d0007800 VMThread "VM Thread" [stack: 0x00000060dfe00000,0x00000060dff00000] [id=7968]
  0x000001a1d0217800 WatcherThread [stack: 0x00000060e0800000,0x00000060e0900000] [id=15316]
  0x000001a1b427f000 GCTaskThread "GC Thread#0" [stack: 0x00000060df900000,0x00000060dfa00000] [id=8124]
  0x000001a1d073e800 GCTaskThread "GC Thread#1" [stack: 0x00000060e0a00000,0x00000060e0b00000] [id=5412]
  0x000001a1d106d000 GCTaskThread "GC Thread#2" [stack: 0x00000060e0b00000,0x00000060e0c00000] [id=19128]
  0x000001a1d0f32800 GCTaskThread "GC Thread#3" [stack: 0x00000060e0c00000,0x00000060e0d00000] [id=2272]
  0x000001a1d0f33800 GCTaskThread "GC Thread#4" [stack: 0x00000060e0d00000,0x00000060e0e00000] [id=19708]
  0x000001a1d253f800 GCTaskThread "GC Thread#5" [stack: 0x00000060e1900000,0x00000060e1a00000] [id=2500]
  0x000001a1d2229800 GCTaskThread "GC Thread#6" [stack: 0x00000060e1a00000,0x00000060e1b00000] [id=15936]
  0x000001a1d24c9800 GCTaskThread "GC Thread#7" [stack: 0x00000060e1b00000,0x00000060e1c00000] [id=6020]
  0x000001a1d1482000 GCTaskThread "GC Thread#8" [stack: 0x00000060e1c00000,0x00000060e1d00000] [id=22064]
  0x000001a1d2461000 GCTaskThread "GC Thread#9" [stack: 0x00000060e1d00000,0x00000060e1e00000] [id=17368]
  0x000001a1b42a6800 ConcurrentGCThread "G1 Main Marker" [stack: 0x00000060dfa00000,0x00000060dfb00000] [id=21176]
  0x000001a1b42a7800 ConcurrentGCThread "G1 Conc#0" [stack: 0x00000060dfb00000,0x00000060dfc00000] [id=21600]
  0x000001a1d2ba2800 ConcurrentGCThread "G1 Conc#1" [stack: 0x00000060e1e00000,0x00000060e1f00000] [id=20764]
  0x000001a1d0e72000 ConcurrentGCThread "G1 Conc#2" [stack: 0x00000060e1f00000,0x00000060e2000000] [id=11884]
  0x000001a1cf64f000 ConcurrentGCThread "G1 Refine#0" [stack: 0x00000060dfc00000,0x00000060dfd00000] [id=6308]
  0x000001a1d93b1000 ConcurrentGCThread "G1 Refine#1" [stack: 0x00000060e2100000,0x00000060e2200000] [id=19916]
  0x000001a1d2dea000 ConcurrentGCThread "G1 Refine#2" [stack: 0x00000060e2200000,0x00000060e2300000] [id=15032]
  0x000001a1d289a000 ConcurrentGCThread "G1 Refine#3" [stack: 0x00000060e3100000,0x00000060e3200000] [id=20560]
  0x000001a1dd070800 ConcurrentGCThread "G1 Refine#4" [stack: 0x00000060eda00000,0x00000060edb00000] [id=13208]
  0x000001a1d90b8000 ConcurrentGCThread "G1 Refine#5" [stack: 0x00000060edb00000,0x00000060edc00000] [id=19768]
  0x000001a1b432d800 ConcurrentGCThread "G1 Young RemSet Sampling" [stack: 0x00000060dfd00000,0x00000060dfe00000] [id=8020]

Threads with active compile tasks:
C2 CompilerThread01995402 28885       4       org.gradle.api.internal.artifacts.transform.TransformingAsyncArtifactListener$TransformedArtifact::visit (24 bytes)
C2 CompilerThread11995402 28887   !   4       org.gradle.api.internal.artifacts.transform.TransformingAsyncArtifactListener$TransformedArtifact::finalizeValue (165 bytes)
C2 CompilerThread21995402 28957       4       java.math.BigInteger::montReduce (99 bytes)

VM state:not at safepoint (normal execution)

VM Mutex/Monitor currently owned by a thread: None

Heap address: 0x00000000a0000000, size: 1536 MB, Compressed Oops mode: 32-bit
Narrow klass base: 0x0000000000000000, Narrow klass shift: 3
Compressed class space size: 1073741824 Address: 0x0000000100000000

Heap:
 garbage-first heap   total 385024K, used 168352K [0x00000000a0000000, 0x0000000100000000)
  region size 1024K, 13 young (13312K), 2 survivors (2048K)
 Metaspace       used 156478K, capacity 160666K, committed 163240K, reserved 1191936K
  class space    used 19466K, capacity 21010K, committed 21760K, reserved 1048576K
Heap Regions: E=young(eden), S=young(survivor), O=old, HS=humongous(starts), HC=humongous(continues), CS=collection set, F=free, A=archive, TAMS=top-at-mark-start (previous, next)
|   0|0x00000000a0000000, 0x00000000a0100000, 0x00000000a0100000|100%| O|  |TAMS 0x00000000a0100000, 0x00000000a0000000| Untracked 
|   1|0x00000000a0100000, 0x00000000a0200000, 0x00000000a0200000|100%| O|  |TAMS 0x00000000a0200000, 0x00000000a0100000| Untracked 
|   2|0x00000000a0200000, 0x00000000a0300000, 0x00000000a0300000|100%| O|  |TAMS 0x00000000a0300000, 0x00000000a0200000| Complete 
|   3|0x00000000a0300000, 0x00000000a0400000, 0x00000000a0400000|100%|HS|  |TAMS 0x00000000a0400000, 0x00000000a0300000| Complete 
|   4|0x00000000a0400000, 0x00000000a0500000, 0x00000000a0500000|100%|HC|  |TAMS 0x00000000a0500000, 0x00000000a0400000| Complete 
|   5|0x00000000a0500000, 0x00000000a0600000, 0x00000000a0600000|100%|HC|  |TAMS 0x00000000a0600000, 0x00000000a0500000| Complete 
|   6|0x00000000a0600000, 0x00000000a0700000, 0x00000000a0700000|100%| O|  |TAMS 0x00000000a0700000, 0x00000000a0600000| Untracked 
|   7|0x00000000a0700000, 0x00000000a0800000, 0x00000000a0800000|100%| O|  |TAMS 0x00000000a0800000, 0x00000000a0700000| Untracked 
|   8|0x00000000a0800000, 0x00000000a0900000, 0x00000000a0900000|100%| O|  |TAMS 0x00000000a0900000, 0x00000000a0800000| Untracked 
|   9|0x00000000a0900000, 0x00000000a0a00000, 0x00000000a0a00000|100%| O|  |TAMS 0x00000000a0a00000, 0x00000000a0900000| Untracked 
|  10|0x00000000a0a00000, 0x00000000a0b00000, 0x00000000a0b00000|100%| O|  |TAMS 0x00000000a0b00000, 0x00000000a0a00000| Untracked 
|  11|0x00000000a0b00000, 0x00000000a0c00000, 0x00000000a0c00000|100%| O|  |TAMS 0x00000000a0c00000, 0x00000000a0b00000| Untracked 
|  12|0x00000000a0c00000, 0x00000000a0d00000, 0x00000000a0d00000|100%| O|  |TAMS 0x00000000a0d00000, 0x00000000a0c00000| Untracked 
|  13|0x00000000a0d00000, 0x00000000a0e00000, 0x00000000a0e00000|100%| O|  |TAMS 0x00000000a0e00000, 0x00000000a0d00000| Complete 
|  14|0x00000000a0e00000, 0x00000000a0f00000, 0x00000000a0f00000|100%| O|  |TAMS 0x00000000a0f00000, 0x00000000a0e00000| Untracked 
|  15|0x00000000a0f00000, 0x00000000a1000000, 0x00000000a1000000|100%| O|  |TAMS 0x00000000a1000000, 0x00000000a0f00000| Complete 
|  16|0x00000000a1000000, 0x00000000a1100000, 0x00000000a1100000|100%| O|  |TAMS 0x00000000a1100000, 0x00000000a1000000| Complete 
|  17|0x00000000a1100000, 0x00000000a1200000, 0x00000000a1200000|100%|HS|  |TAMS 0x00000000a1200000, 0x00000000a1100000| Complete 
|  18|0x00000000a1200000, 0x00000000a1300000, 0x00000000a1300000|100%|HC|  |TAMS 0x00000000a1300000, 0x00000000a1200000| Complete 
|  19|0x00000000a1300000, 0x00000000a1400000, 0x00000000a1400000|100%|HS|  |TAMS 0x00000000a1400000, 0x00000000a1300000| Complete 
|  20|0x00000000a1400000, 0x00000000a1500000, 0x00000000a1500000|100%|HC|  |TAMS 0x00000000a1500000, 0x00000000a1400000| Complete 
|  21|0x00000000a1500000, 0x00000000a1600000, 0x00000000a1600000|100%|HC|  |TAMS 0x00000000a1600000, 0x00000000a1500000| Complete 
|  22|0x00000000a1600000, 0x00000000a1700000, 0x00000000a1700000|100%|HS|  |TAMS 0x00000000a1700000, 0x00000000a1600000| Complete 
|  23|0x00000000a1700000, 0x00000000a1800000, 0x00000000a1800000|100%|HC|  |TAMS 0x00000000a1800000, 0x00000000a1700000| Complete 
|  24|0x00000000a1800000, 0x00000000a1900000, 0x00000000a1900000|100%|HC|  |TAMS 0x00000000a1900000, 0x00000000a1800000| Complete 
|  25|0x00000000a1900000, 0x00000000a1a00000, 0x00000000a1a00000|100%|HC|  |TAMS 0x00000000a1a00000, 0x00000000a1900000| Complete 
|  26|0x00000000a1a00000, 0x00000000a1b00000, 0x00000000a1b00000|100%|HS|  |TAMS 0x00000000a1b00000, 0x00000000a1a00000| Complete 
|  27|0x00000000a1b00000, 0x00000000a1c00000, 0x00000000a1c00000|100%|HC|  |TAMS 0x00000000a1c00000, 0x00000000a1b00000| Complete 
|  28|0x00000000a1c00000, 0x00000000a1d00000, 0x00000000a1d00000|100%|HC|  |TAMS 0x00000000a1d00000, 0x00000000a1c00000| Complete 
|  29|0x00000000a1d00000, 0x00000000a1e00000, 0x00000000a1e00000|100%| O|  |TAMS 0x00000000a1e00000, 0x00000000a1d00000| Untracked 
|  30|0x00000000a1e00000, 0x00000000a1f00000, 0x00000000a1f00000|100%| O|  |TAMS 0x00000000a1f00000, 0x00000000a1e00000| Untracked 
|  31|0x00000000a1f00000, 0x00000000a2000000, 0x00000000a2000000|100%| O|  |TAMS 0x00000000a2000000, 0x00000000a1f00000| Complete 
|  32|0x00000000a2000000, 0x00000000a2100000, 0x00000000a2100000|100%| O|  |TAMS 0x00000000a2100000, 0x00000000a2000000| Complete 
|  33|0x00000000a2100000, 0x00000000a2200000, 0x00000000a2200000|100%| O|  |TAMS 0x00000000a2200000, 0x00000000a2100000| Complete 
|  34|0x00000000a2200000, 0x00000000a2300000, 0x00000000a2300000|100%| O|  |TAMS 0x00000000a2300000, 0x00000000a2200000| Complete 
|  35|0x00000000a2300000, 0x00000000a2400000, 0x00000000a2400000|100%| O|  |TAMS 0x00000000a2400000, 0x00000000a2300000| Complete 
|  36|0x00000000a2400000, 0x00000000a2500000, 0x00000000a2500000|100%|HS|  |TAMS 0x00000000a2500000, 0x00000000a2400000| Complete 
|  37|0x00000000a2500000, 0x00000000a2600000, 0x00000000a2600000|100%| O|  |TAMS 0x00000000a2500000, 0x00000000a2500000| Untracked 
|  38|0x00000000a2600000, 0x00000000a2700000, 0x00000000a2700000|100%| O|  |TAMS 0x00000000a2600000, 0x00000000a2600000| Untracked 
|  39|0x00000000a2700000, 0x00000000a2800000, 0x00000000a2800000|100%| O|  |TAMS 0x00000000a2700000, 0x00000000a2700000| Untracked 
|  40|0x00000000a2800000, 0x00000000a2900000, 0x00000000a2900000|100%| O|  |TAMS 0x00000000a2800000, 0x00000000a2800000| Untracked 
|  41|0x00000000a2900000, 0x00000000a2a00000, 0x00000000a2a00000|100%| O|  |TAMS 0x00000000a2a00000, 0x00000000a2900000| Complete 
|  42|0x00000000a2a00000, 0x00000000a2b00000, 0x00000000a2b00000|100%| O|  |TAMS 0x00000000a2b00000, 0x00000000a2a00000| Complete 
|  43|0x00000000a2b00000, 0x00000000a2c00000, 0x00000000a2c00000|100%| O|  |TAMS 0x00000000a2c00000, 0x00000000a2b00000| Complete 
|  44|0x00000000a2c00000, 0x00000000a2d00000, 0x00000000a2d00000|100%| O|  |TAMS 0x00000000a2d00000, 0x00000000a2c00000| Untracked 
|  45|0x00000000a2d00000, 0x00000000a2e00000, 0x00000000a2e00000|100%| O|  |TAMS 0x00000000a2e00000, 0x00000000a2d00000| Untracked 
|  46|0x00000000a2e00000, 0x00000000a2f00000, 0x00000000a2f00000|100%| O|  |TAMS 0x00000000a2f00000, 0x00000000a2e00000| Complete 
|  47|0x00000000a2f00000, 0x00000000a3000000, 0x00000000a3000000|100%|HS|  |TAMS 0x00000000a3000000, 0x00000000a2f00000| Complete 
|  48|0x00000000a3000000, 0x00000000a3100000, 0x00000000a3100000|100%|HS|  |TAMS 0x00000000a3100000, 0x00000000a3000000| Complete 
|  49|0x00000000a3100000, 0x00000000a3200000, 0x00000000a3200000|100%|HS|  |TAMS 0x00000000a3200000, 0x00000000a3100000| Complete 
|  50|0x00000000a3200000, 0x00000000a3300000, 0x00000000a3300000|100%|HC|  |TAMS 0x00000000a3300000, 0x00000000a3200000| Complete 
|  51|0x00000000a3300000, 0x00000000a3400000, 0x00000000a3400000|100%|HC|  |TAMS 0x00000000a3400000, 0x00000000a3300000| Complete 
|  52|0x00000000a3400000, 0x00000000a3500000, 0x00000000a3500000|100%|HS|  |TAMS 0x00000000a3500000, 0x00000000a3400000| Complete 
|  53|0x00000000a3500000, 0x00000000a3600000, 0x00000000a3600000|100%|HC|  |TAMS 0x00000000a3600000, 0x00000000a3500000| Complete 
|  54|0x00000000a3600000, 0x00000000a3700000, 0x00000000a3700000|100%| O|  |TAMS 0x00000000a3700000, 0x00000000a3600000| Complete 
|  55|0x00000000a3700000, 0x00000000a3800000, 0x00000000a3800000|100%| O|  |TAMS 0x00000000a3800000, 0x00000000a3700000| Complete 
|  56|0x00000000a3800000, 0x00000000a3900000, 0x00000000a3900000|100%| O|  |TAMS 0x00000000a3900000, 0x00000000a3800000| Complete 
|  57|0x00000000a3900000, 0x00000000a3a00000, 0x00000000a3a00000|100%| O|  |TAMS 0x00000000a3a00000, 0x00000000a3900000| Complete 
|  58|0x00000000a3a00000, 0x00000000a3b00000, 0x00000000a3b00000|100%| O|  |TAMS 0x00000000a3b00000, 0x00000000a3a00000| Complete 
|  59|0x00000000a3b00000, 0x00000000a3c00000, 0x00000000a3c00000|100%| O|  |TAMS 0x00000000a3c00000, 0x00000000a3b00000| Complete 
|  60|0x00000000a3c00000, 0x00000000a3d00000, 0x00000000a3d00000|100%| O|  |TAMS 0x00000000a3d00000, 0x00000000a3c00000| Complete 
|  61|0x00000000a3d00000, 0x00000000a3e00000, 0x00000000a3e00000|100%| O|  |TAMS 0x00000000a3e00000, 0x00000000a3d00000| Complete 
|  62|0x00000000a3e00000, 0x00000000a3f00000, 0x00000000a3f00000|100%| O|  |TAMS 0x00000000a3f00000, 0x00000000a3e00000| Complete 
|  63|0x00000000a3f00000, 0x00000000a4000000, 0x00000000a4000000|100%| O|  |TAMS 0x00000000a4000000, 0x00000000a3f00000| Complete 
|  64|0x00000000a4000000, 0x00000000a4100000, 0x00000000a4100000|100%| O|  |TAMS 0x00000000a4100000, 0x00000000a4000000| Complete 
|  65|0x00000000a4100000, 0x00000000a4100000, 0x00000000a4200000|  0%| F|  |TAMS 0x00000000a4100000, 0x00000000a4100000| Untracked 
|  66|0x00000000a4200000, 0x00000000a4300000, 0x00000000a4300000|100%| O|  |TAMS 0x00000000a4300000, 0x00000000a4200000| Complete 
|  67|0x00000000a4300000, 0x00000000a4400000, 0x00000000a4400000|100%| O|  |TAMS 0x00000000a4400000, 0x00000000a4300000| Complete 
|  68|0x00000000a4400000, 0x00000000a4500000, 0x00000000a4500000|100%| O|  |TAMS 0x00000000a4500000, 0x00000000a4400000| Untracked 
|  69|0x00000000a4500000, 0x00000000a4600000, 0x00000000a4600000|100%| O|  |TAMS 0x00000000a4600000, 0x00000000a4500000| Untracked 
|  70|0x00000000a4600000, 0x00000000a4700000, 0x00000000a4700000|100%| O|  |TAMS 0x00000000a4700000, 0x00000000a4600000| Complete 
|  71|0x00000000a4700000, 0x00000000a4800000, 0x00000000a4800000|100%| O|  |TAMS 0x00000000a4800000, 0x00000000a4700000| Untracked 
|  72|0x00000000a4800000, 0x00000000a4900000, 0x00000000a4900000|100%| O|  |TAMS 0x00000000a4900000, 0x00000000a4800000| Untracked 
|  73|0x00000000a4900000, 0x00000000a4a00000, 0x00000000a4a00000|100%| O|  |TAMS 0x00000000a4a00000, 0x00000000a4900000| Complete 
|  74|0x00000000a4a00000, 0x00000000a4b00000, 0x00000000a4b00000|100%| O|  |TAMS 0x00000000a4b00000, 0x00000000a4a00000| Complete 
|  75|0x00000000a4b00000, 0x00000000a4c00000, 0x00000000a4c00000|100%| O|  |TAMS 0x00000000a4c00000, 0x00000000a4b00000| Untracked 
|  76|0x00000000a4c00000, 0x00000000a4d00000, 0x00000000a4d00000|100%| O|  |TAMS 0x00000000a4d00000, 0x00000000a4c00000| Complete 
|  77|0x00000000a4d00000, 0x00000000a4e00000, 0x00000000a4e00000|100%|HS|  |TAMS 0x00000000a4e00000, 0x00000000a4d00000| Complete 
|  78|0x00000000a4e00000, 0x00000000a4f00000, 0x00000000a4f00000|100%|HC|  |TAMS 0x00000000a4f00000, 0x00000000a4e00000| Complete 
|  79|0x00000000a4f00000, 0x00000000a5000000, 0x00000000a5000000|100%|HS|  |TAMS 0x00000000a5000000, 0x00000000a4f00000| Complete 
|  80|0x00000000a5000000, 0x00000000a5100000, 0x00000000a5100000|100%|HC|  |TAMS 0x00000000a5100000, 0x00000000a5000000| Complete 
|  81|0x00000000a5100000, 0x00000000a5200000, 0x00000000a5200000|100%|HC|  |TAMS 0x00000000a5200000, 0x00000000a5100000| Complete 
|  82|0x00000000a5200000, 0x00000000a5300000, 0x00000000a5300000|100%|HS|  |TAMS 0x00000000a5300000, 0x00000000a5200000| Complete 
|  83|0x00000000a5300000, 0x00000000a5400000, 0x00000000a5400000|100%|HC|  |TAMS 0x00000000a5400000, 0x00000000a5300000| Complete 
|  84|0x00000000a5400000, 0x00000000a5500000, 0x00000000a5500000|100%|HC|  |TAMS 0x00000000a5500000, 0x00000000a5400000| Complete 
|  85|0x00000000a5500000, 0x00000000a5600000, 0x00000000a5600000|100%|HC|  |TAMS 0x00000000a5600000, 0x00000000a5500000| Complete 
|  86|0x00000000a5600000, 0x00000000a5700000, 0x00000000a5700000|100%| O|  |TAMS 0x00000000a5700000, 0x00000000a5600000| Complete 
|  87|0x00000000a5700000, 0x00000000a5800000, 0x00000000a5800000|100%| O|  |TAMS 0x00000000a5800000, 0x00000000a5700000| Complete 
|  88|0x00000000a5800000, 0x00000000a5900000, 0x00000000a5900000|100%| O|  |TAMS 0x00000000a5900000, 0x00000000a5800000| Complete 
|  89|0x00000000a5900000, 0x00000000a5a00000, 0x00000000a5a00000|100%| O|  |TAMS 0x00000000a5a00000, 0x00000000a5900000| Complete 
|  90|0x00000000a5a00000, 0x00000000a5b00000, 0x00000000a5b00000|100%| O|  |TAMS 0x00000000a5b00000, 0x00000000a5a00000| Complete 
|  91|0x00000000a5b00000, 0x00000000a5c00000, 0x00000000a5c00000|100%| O|  |TAMS 0x00000000a5c00000, 0x00000000a5b00000| Untracked 
|  92|0x00000000a5c00000, 0x00000000a5c00000, 0x00000000a5d00000|  0%| F|  |TAMS 0x00000000a5c00000, 0x00000000a5c00000| Untracked 
|  93|0x00000000a5d00000, 0x00000000a5e00000, 0x00000000a5e00000|100%| O|  |TAMS 0x00000000a5e00000, 0x00000000a5d00000| Complete 
|  94|0x00000000a5e00000, 0x00000000a5f00000, 0x00000000a5f00000|100%| O|  |TAMS 0x00000000a5f00000, 0x00000000a5e00000| Complete 
|  95|0x00000000a5f00000, 0x00000000a6000000, 0x00000000a6000000|100%| O|  |TAMS 0x00000000a6000000, 0x00000000a5f00000| Complete 
|  96|0x00000000a6000000, 0x00000000a6100000, 0x00000000a6100000|100%| O|  |TAMS 0x00000000a6100000, 0x00000000a6000000| Complete 
|  97|0x00000000a6100000, 0x00000000a6200000, 0x00000000a6200000|100%| O|  |TAMS 0x00000000a6200000, 0x00000000a6100000| Complete 
|  98|0x00000000a6200000, 0x00000000a6300000, 0x00000000a6300000|100%| O|  |TAMS 0x00000000a6300000, 0x00000000a6200000| Untracked 
|  99|0x00000000a6300000, 0x00000000a6400000, 0x00000000a6400000|100%| O|  |TAMS 0x00000000a6400000, 0x00000000a6300000| Untracked 
| 100|0x00000000a6400000, 0x00000000a6500000, 0x00000000a6500000|100%| O|  |TAMS 0x00000000a6500000, 0x00000000a6400000| Untracked 
| 101|0x00000000a6500000, 0x00000000a6600000, 0x00000000a6600000|100%| O|  |TAMS 0x00000000a6600000, 0x00000000a6500000| Untracked 
| 102|0x00000000a6600000, 0x00000000a6700000, 0x00000000a6700000|100%| O|  |TAMS 0x00000000a6700000, 0x00000000a6600000| Untracked 
| 103|0x00000000a6700000, 0x00000000a6800000, 0x00000000a6800000|100%| O|  |TAMS 0x00000000a6800000, 0x00000000a6700000| Complete 
| 104|0x00000000a6800000, 0x00000000a6900000, 0x00000000a6900000|100%| O|  |TAMS 0x00000000a6900000, 0x00000000a6800000| Complete 
| 105|0x00000000a6900000, 0x00000000a6a00000, 0x00000000a6a00000|100%| O|  |TAMS 0x00000000a6a00000, 0x00000000a6900000| Complete 
| 106|0x00000000a6a00000, 0x00000000a6b00000, 0x00000000a6b00000|100%| O|  |TAMS 0x00000000a6b00000, 0x00000000a6a00000| Complete 
| 107|0x00000000a6b00000, 0x00000000a6c00000, 0x00000000a6c00000|100%| O|  |TAMS 0x00000000a6c00000, 0x00000000a6b00000| Complete 
| 108|0x00000000a6c00000, 0x00000000a6d00000, 0x00000000a6d00000|100%| O|  |TAMS 0x00000000a6d00000, 0x00000000a6c00000| Complete 
| 109|0x00000000a6d00000, 0x00000000a6e00000, 0x00000000a6e00000|100%| O|  |TAMS 0x00000000a6e00000, 0x00000000a6d00000| Complete 
| 110|0x00000000a6e00000, 0x00000000a6f00000, 0x00000000a6f00000|100%| O|  |TAMS 0x00000000a6f00000, 0x00000000a6e00000| Complete 
| 111|0x00000000a6f00000, 0x00000000a6f00000, 0x00000000a7000000|  0%| F|  |TAMS 0x00000000a6f00000, 0x00000000a6f00000| Untracked 
| 112|0x00000000a7000000, 0x00000000a7100000, 0x00000000a7100000|100%| O|  |TAMS 0x00000000a7100000, 0x00000000a7000000| Complete 
| 113|0x00000000a7100000, 0x00000000a7200000, 0x00000000a7200000|100%| O|  |TAMS 0x00000000a7200000, 0x00000000a7100000| Complete 
| 114|0x00000000a7200000, 0x00000000a7300000, 0x00000000a7300000|100%| O|  |TAMS 0x00000000a7300000, 0x00000000a7200000| Complete 
| 115|0x00000000a7300000, 0x00000000a7400000, 0x00000000a7400000|100%| O|  |TAMS 0x00000000a7400000, 0x00000000a7300000| Complete 
| 116|0x00000000a7400000, 0x00000000a7500000, 0x00000000a7500000|100%| O|  |TAMS 0x00000000a7500000, 0x00000000a7400000| Complete 
| 117|0x00000000a7500000, 0x00000000a7600000, 0x00000000a7600000|100%| O|  |TAMS 0x00000000a7600000, 0x00000000a7500000| Complete 
| 118|0x00000000a7600000, 0x00000000a7700000, 0x00000000a7700000|100%| O|  |TAMS 0x00000000a7700000, 0x00000000a7600000| Untracked 
| 119|0x00000000a7700000, 0x00000000a7800000, 0x00000000a7800000|100%| O|  |TAMS 0x00000000a7800000, 0x00000000a7700000| Complete 
| 120|0x00000000a7800000, 0x00000000a7900000, 0x00000000a7900000|100%| O|  |TAMS 0x00000000a7900000, 0x00000000a7800000| Complete 
| 121|0x00000000a7900000, 0x00000000a7a00000, 0x00000000a7a00000|100%| O|  |TAMS 0x00000000a7a00000, 0x00000000a7900000| Complete 
| 122|0x00000000a7a00000, 0x00000000a7b00000, 0x00000000a7b00000|100%| O|  |TAMS 0x00000000a7a00000, 0x00000000a7a00000| Untracked 
| 123|0x00000000a7b00000, 0x00000000a7c00000, 0x00000000a7c00000|100%| O|  |TAMS 0x00000000a7c00000, 0x00000000a7b00000| Complete 
| 124|0x00000000a7c00000, 0x00000000a7cffff8, 0x00000000a7d00000| 99%| O|  |TAMS 0x00000000a7c00000, 0x00000000a7c00000| Untracked 
| 125|0x00000000a7d00000, 0x00000000a7e00000, 0x00000000a7e00000|100%| O|  |TAMS 0x00000000a7d00000, 0x00000000a7d00000| Untracked 
| 126|0x00000000a7e00000, 0x00000000a7f00000, 0x00000000a7f00000|100%| O|  |TAMS 0x00000000a7e00000, 0x00000000a7e00000| Untracked 
| 127|0x00000000a7f00000, 0x00000000a7f00000, 0x00000000a8000000|  0%| F|  |TAMS 0x00000000a7f00000, 0x00000000a7f00000| Untracked 
| 128|0x00000000a8000000, 0x00000000a8000000, 0x00000000a8100000|  0%| F|  |TAMS 0x00000000a8000000, 0x00000000a8000000| Untracked 
| 129|0x00000000a8100000, 0x00000000a8100000, 0x00000000a8200000|  0%| F|  |TAMS 0x00000000a8100000, 0x00000000a8100000| Untracked 
| 130|0x00000000a8200000, 0x00000000a8200000, 0x00000000a8300000|  0%| F|  |TAMS 0x00000000a8200000, 0x00000000a8200000| Untracked 
| 131|0x00000000a8300000, 0x00000000a8300000, 0x00000000a8400000|  0%| F|  |TAMS 0x00000000a8300000, 0x00000000a8300000| Untracked 
| 132|0x00000000a8400000, 0x00000000a8400000, 0x00000000a8500000|  0%| F|  |TAMS 0x00000000a8400000, 0x00000000a8400000| Untracked 
| 133|0x00000000a8500000, 0x00000000a8500000, 0x00000000a8600000|  0%| F|  |TAMS 0x00000000a8500000, 0x00000000a8500000| Untracked 
| 134|0x00000000a8600000, 0x00000000a8700000, 0x00000000a8700000|100%| O|  |TAMS 0x00000000a8700000, 0x00000000a8600000| Complete 
| 135|0x00000000a8700000, 0x00000000a8800000, 0x00000000a8800000|100%| O|  |TAMS 0x00000000a8800000, 0x00000000a8700000| Complete 
| 136|0x00000000a8800000, 0x00000000a8900000, 0x00000000a8900000|100%| O|  |TAMS 0x00000000a8900000, 0x00000000a8800000| Complete 
| 137|0x00000000a8900000, 0x00000000a8a00000, 0x00000000a8a00000|100%| O|  |TAMS 0x00000000a8a00000, 0x00000000a8900000| Complete 
| 138|0x00000000a8a00000, 0x00000000a8a00000, 0x00000000a8b00000|  0%| F|  |TAMS 0x00000000a8a00000, 0x00000000a8a00000| Untracked 
| 139|0x00000000a8b00000, 0x00000000a8c00000, 0x00000000a8c00000|100%| O|  |TAMS 0x00000000a8c00000, 0x00000000a8b00000| Complete 
| 140|0x00000000a8c00000, 0x00000000a8d00000, 0x00000000a8d00000|100%| O|  |TAMS 0x00000000a8d00000, 0x00000000a8c00000| Complete 
| 141|0x00000000a8d00000, 0x00000000a8e00000, 0x00000000a8e00000|100%| O|  |TAMS 0x00000000a8e00000, 0x00000000a8d00000| Complete 
| 142|0x00000000a8e00000, 0x00000000a8f00000, 0x00000000a8f00000|100%| O|  |TAMS 0x00000000a8e00000, 0x00000000a8e00000| Untracked 
| 143|0x00000000a8f00000, 0x00000000a9000000, 0x00000000a9000000|100%| O|  |TAMS 0x00000000a9000000, 0x00000000a8f00000| Complete 
| 144|0x00000000a9000000, 0x00000000a9100000, 0x00000000a9100000|100%| O|  |TAMS 0x00000000a9100000, 0x00000000a9000000| Complete 
| 145|0x00000000a9100000, 0x00000000a9200000, 0x00000000a9200000|100%| O|  |TAMS 0x00000000a9100000, 0x00000000a9100000| Untracked 
| 146|0x00000000a9200000, 0x00000000a9300000, 0x00000000a9300000|100%| O|  |TAMS 0x00000000a9300000, 0x00000000a9200000| Complete 
| 147|0x00000000a9300000, 0x00000000a9400000, 0x00000000a9400000|100%| O|  |TAMS 0x00000000a9300000, 0x00000000a9300000| Untracked 
| 148|0x00000000a9400000, 0x00000000a9400000, 0x00000000a9500000|  0%| F|  |TAMS 0x00000000a9400000, 0x00000000a9400000| Untracked 
| 149|0x00000000a9500000, 0x00000000a9600000, 0x00000000a9600000|100%| O|  |TAMS 0x00000000a9500000, 0x00000000a9500000| Untracked 
| 150|0x00000000a9600000, 0x00000000a9700000, 0x00000000a9700000|100%| O|  |TAMS 0x00000000a9600000, 0x00000000a9600000| Untracked 
| 151|0x00000000a9700000, 0x00000000a9800000, 0x00000000a9800000|100%| O|  |TAMS 0x00000000a9700000, 0x00000000a9700000| Untracked 
| 152|0x00000000a9800000, 0x00000000a9800000, 0x00000000a9900000|  0%| F|  |TAMS 0x00000000a9800000, 0x00000000a9800000| Untracked 
| 153|0x00000000a9900000, 0x00000000a9a00000, 0x00000000a9a00000|100%| O|  |TAMS 0x00000000a995f000, 0x00000000a9900000| Untracked 
| 154|0x00000000a9a00000, 0x00000000a9b00000, 0x00000000a9b00000|100%| O|  |TAMS 0x00000000a9a00000, 0x00000000a9a00000| Untracked 
| 155|0x00000000a9b00000, 0x00000000a9c00000, 0x00000000a9c00000|100%| O|  |TAMS 0x00000000a9b00000, 0x00000000a9b00000| Untracked 
| 156|0x00000000a9c00000, 0x00000000a9cf8000, 0x00000000a9d00000| 96%| O|  |TAMS 0x00000000a9c00000, 0x00000000a9c00000| Untracked 
| 157|0x00000000a9d00000, 0x00000000a9d00000, 0x00000000a9e00000|  0%| F|  |TAMS 0x00000000a9d00000, 0x00000000a9d00000| Untracked 
| 158|0x00000000a9e00000, 0x00000000a9e00000, 0x00000000a9f00000|  0%| F|  |TAMS 0x00000000a9e00000, 0x00000000a9e00000| Untracked 
| 159|0x00000000a9f00000, 0x00000000a9f00000, 0x00000000aa000000|  0%| F|  |TAMS 0x00000000a9f00000, 0x00000000a9f00000| Untracked 
| 160|0x00000000aa000000, 0x00000000aa000000, 0x00000000aa100000|  0%| F|  |TAMS 0x00000000aa000000, 0x00000000aa000000| Untracked 
| 161|0x00000000aa100000, 0x00000000aa100000, 0x00000000aa200000|  0%| F|  |TAMS 0x00000000aa100000, 0x00000000aa100000| Untracked 
| 162|0x00000000aa200000, 0x00000000aa200000, 0x00000000aa300000|  0%| F|  |TAMS 0x00000000aa200000, 0x00000000aa200000| Untracked 
| 163|0x00000000aa300000, 0x00000000aa300000, 0x00000000aa400000|  0%| F|  |TAMS 0x00000000aa300000, 0x00000000aa300000| Untracked 
| 164|0x00000000aa400000, 0x00000000aa400000, 0x00000000aa500000|  0%| F|  |TAMS 0x00000000aa400000, 0x00000000aa400000| Untracked 
| 165|0x00000000aa500000, 0x00000000aa500000, 0x00000000aa600000|  0%| F|  |TAMS 0x00000000aa500000, 0x00000000aa500000| Untracked 
| 166|0x00000000aa600000, 0x00000000aa600000, 0x00000000aa700000|  0%| F|  |TAMS 0x00000000aa600000, 0x00000000aa600000| Untracked 
| 167|0x00000000aa700000, 0x00000000aa700000, 0x00000000aa800000|  0%| F|  |TAMS 0x00000000aa700000, 0x00000000aa700000| Untracked 
| 168|0x00000000aa800000, 0x00000000aa800000, 0x00000000aa900000|  0%| F|  |TAMS 0x00000000aa800000, 0x00000000aa800000| Untracked 
| 169|0x00000000aa900000, 0x00000000aa900000, 0x00000000aaa00000|  0%| F|  |TAMS 0x00000000aa900000, 0x00000000aa900000| Untracked 
| 170|0x00000000aaa00000, 0x00000000aaa00000, 0x00000000aab00000|  0%| F|  |TAMS 0x00000000aaa00000, 0x00000000aaa00000| Untracked 
| 171|0x00000000aab00000, 0x00000000aab00000, 0x00000000aac00000|  0%| F|  |TAMS 0x00000000aab00000, 0x00000000aab00000| Untracked 
| 172|0x00000000aac00000, 0x00000000aac00000, 0x00000000aad00000|  0%| F|  |TAMS 0x00000000aac00000, 0x00000000aac00000| Untracked 
| 173|0x00000000aad00000, 0x00000000aad00000, 0x00000000aae00000|  0%| F|  |TAMS 0x00000000aad00000, 0x00000000aad00000| Untracked 
| 174|0x00000000aae00000, 0x00000000aae00000, 0x00000000aaf00000|  0%| F|  |TAMS 0x00000000aae00000, 0x00000000aae00000| Untracked 
| 175|0x00000000aaf00000, 0x00000000aaf00000, 0x00000000ab000000|  0%| F|  |TAMS 0x00000000aaf00000, 0x00000000aaf00000| Untracked 
| 176|0x00000000ab000000, 0x00000000ab000000, 0x00000000ab100000|  0%| F|  |TAMS 0x00000000ab000000, 0x00000000ab000000| Untracked 
| 177|0x00000000ab100000, 0x00000000ab100000, 0x00000000ab200000|  0%| F|  |TAMS 0x00000000ab100000, 0x00000000ab100000| Untracked 
| 178|0x00000000ab200000, 0x00000000ab200000, 0x00000000ab300000|  0%| F|  |TAMS 0x00000000ab200000, 0x00000000ab200000| Untracked 
| 179|0x00000000ab300000, 0x00000000ab300000, 0x00000000ab400000|  0%| F|  |TAMS 0x00000000ab300000, 0x00000000ab300000| Untracked 
| 180|0x00000000ab400000, 0x00000000ab400000, 0x00000000ab500000|  0%| F|  |TAMS 0x00000000ab400000, 0x00000000ab400000| Untracked 
| 181|0x00000000ab500000, 0x00000000ab500000, 0x00000000ab600000|  0%| F|  |TAMS 0x00000000ab500000, 0x00000000ab500000| Untracked 
| 182|0x00000000ab600000, 0x00000000ab600000, 0x00000000ab700000|  0%| F|  |TAMS 0x00000000ab600000, 0x00000000ab600000| Untracked 
| 183|0x00000000ab700000, 0x00000000ab700000, 0x00000000ab800000|  0%| F|  |TAMS 0x00000000ab700000, 0x00000000ab700000| Untracked 
| 184|0x00000000ab800000, 0x00000000ab800000, 0x00000000ab900000|  0%| F|  |TAMS 0x00000000ab800000, 0x00000000ab800000| Untracked 
| 185|0x00000000ab900000, 0x00000000ab900000, 0x00000000aba00000|  0%| F|  |TAMS 0x00000000ab900000, 0x00000000ab900000| Untracked 
| 186|0x00000000aba00000, 0x00000000aba00000, 0x00000000abb00000|  0%| F|  |TAMS 0x00000000aba00000, 0x00000000aba00000| Untracked 
| 187|0x00000000abb00000, 0x00000000abb00000, 0x00000000abc00000|  0%| F|  |TAMS 0x00000000abb00000, 0x00000000abb00000| Untracked 
| 188|0x00000000abc00000, 0x00000000abc00000, 0x00000000abd00000|  0%| F|  |TAMS 0x00000000abc00000, 0x00000000abc00000| Untracked 
| 189|0x00000000abd00000, 0x00000000abd00000, 0x00000000abe00000|  0%| F|  |TAMS 0x00000000abd00000, 0x00000000abd00000| Untracked 
| 190|0x00000000abe00000, 0x00000000abe00000, 0x00000000abf00000|  0%| F|  |TAMS 0x00000000abe00000, 0x00000000abe00000| Untracked 
| 191|0x00000000abf00000, 0x00000000abf00000, 0x00000000ac000000|  0%| F|  |TAMS 0x00000000abf00000, 0x00000000abf00000| Untracked 
| 192|0x00000000ac000000, 0x00000000ac000000, 0x00000000ac100000|  0%| F|  |TAMS 0x00000000ac000000, 0x00000000ac000000| Untracked 
| 193|0x00000000ac100000, 0x00000000ac100000, 0x00000000ac200000|  0%| F|  |TAMS 0x00000000ac100000, 0x00000000ac100000| Untracked 
| 194|0x00000000ac200000, 0x00000000ac200000, 0x00000000ac300000|  0%| F|  |TAMS 0x00000000ac200000, 0x00000000ac200000| Untracked 
| 195|0x00000000ac300000, 0x00000000ac300000, 0x00000000ac400000|  0%| F|  |TAMS 0x00000000ac300000, 0x00000000ac300000| Untracked 
| 196|0x00000000ac400000, 0x00000000ac400000, 0x00000000ac500000|  0%| F|  |TAMS 0x00000000ac400000, 0x00000000ac400000| Untracked 
| 197|0x00000000ac500000, 0x00000000ac500000, 0x00000000ac600000|  0%| F|  |TAMS 0x00000000ac500000, 0x00000000ac500000| Untracked 
| 198|0x00000000ac600000, 0x00000000ac600000, 0x00000000ac700000|  0%| F|  |TAMS 0x00000000ac600000, 0x00000000ac600000| Untracked 
| 199|0x00000000ac700000, 0x00000000ac700000, 0x00000000ac800000|  0%| F|  |TAMS 0x00000000ac700000, 0x00000000ac700000| Untracked 
| 200|0x00000000ac800000, 0x00000000ac800000, 0x00000000ac900000|  0%| F|  |TAMS 0x00000000ac800000, 0x00000000ac800000| Untracked 
| 201|0x00000000ac900000, 0x00000000ac900000, 0x00000000aca00000|  0%| F|  |TAMS 0x00000000ac900000, 0x00000000ac900000| Untracked 
| 202|0x00000000aca00000, 0x00000000acb00000, 0x00000000acb00000|100%| O|  |TAMS 0x00000000acb00000, 0x00000000aca00000| Complete 
| 203|0x00000000acb00000, 0x00000000acc00000, 0x00000000acc00000|100%| O|  |TAMS 0x00000000acc00000, 0x00000000acb00000| Complete 
| 204|0x00000000acc00000, 0x00000000acc00000, 0x00000000acd00000|  0%| F|  |TAMS 0x00000000acc00000, 0x00000000acc00000| Untracked 
| 205|0x00000000acd00000, 0x00000000acd00000, 0x00000000ace00000|  0%| F|  |TAMS 0x00000000acd00000, 0x00000000acd00000| Untracked 
| 206|0x00000000ace00000, 0x00000000ace00000, 0x00000000acf00000|  0%| F|  |TAMS 0x00000000ace00000, 0x00000000ace00000| Untracked 
| 207|0x00000000acf00000, 0x00000000acf00000, 0x00000000ad000000|  0%| F|  |TAMS 0x00000000acf00000, 0x00000000acf00000| Untracked 
| 208|0x00000000ad000000, 0x00000000ad000000, 0x00000000ad100000|  0%| F|  |TAMS 0x00000000ad000000, 0x00000000ad000000| Untracked 
| 209|0x00000000ad100000, 0x00000000ad200000, 0x00000000ad200000|100%| O|  |TAMS 0x00000000ad200000, 0x00000000ad100000| Complete 
| 210|0x00000000ad200000, 0x00000000ad200000, 0x00000000ad300000|  0%| F|  |TAMS 0x00000000ad200000, 0x00000000ad200000| Untracked 
| 211|0x00000000ad300000, 0x00000000ad300000, 0x00000000ad400000|  0%| F|  |TAMS 0x00000000ad300000, 0x00000000ad300000| Untracked 
| 212|0x00000000ad400000, 0x00000000ad400000, 0x00000000ad500000|  0%| F|  |TAMS 0x00000000ad400000, 0x00000000ad400000| Untracked 
| 213|0x00000000ad500000, 0x00000000ad500000, 0x00000000ad600000|  0%| F|  |TAMS 0x00000000ad500000, 0x00000000ad500000| Untracked 
| 214|0x00000000ad600000, 0x00000000ad600000, 0x00000000ad700000|  0%| F|  |TAMS 0x00000000ad600000, 0x00000000ad600000| Untracked 
| 215|0x00000000ad700000, 0x00000000ad700000, 0x00000000ad800000|  0%| F|  |TAMS 0x00000000ad700000, 0x00000000ad700000| Untracked 
| 216|0x00000000ad800000, 0x00000000ad900000, 0x00000000ad900000|100%| O|  |TAMS 0x00000000ad900000, 0x00000000ad800000| Complete 
| 217|0x00000000ad900000, 0x00000000ad900000, 0x00000000ada00000|  0%| F|  |TAMS 0x00000000ad900000, 0x00000000ad900000| Untracked 
| 218|0x00000000ada00000, 0x00000000ada00000, 0x00000000adb00000|  0%| F|  |TAMS 0x00000000ada00000, 0x00000000ada00000| Untracked 
| 219|0x00000000adb00000, 0x00000000adb00000, 0x00000000adc00000|  0%| F|  |TAMS 0x00000000adb00000, 0x00000000adb00000| Untracked 
| 220|0x00000000adc00000, 0x00000000adc00000, 0x00000000add00000|  0%| F|  |TAMS 0x00000000adc00000, 0x00000000adc00000| Untracked 
| 221|0x00000000add00000, 0x00000000add00000, 0x00000000ade00000|  0%| F|  |TAMS 0x00000000add00000, 0x00000000add00000| Untracked 
| 222|0x00000000ade00000, 0x00000000ade00000, 0x00000000adf00000|  0%| F|  |TAMS 0x00000000ade00000, 0x00000000ade00000| Untracked 
| 223|0x00000000adf00000, 0x00000000adf00000, 0x00000000ae000000|  0%| F|  |TAMS 0x00000000adf00000, 0x00000000adf00000| Untracked 
| 224|0x00000000ae000000, 0x00000000ae000000, 0x00000000ae100000|  0%| F|  |TAMS 0x00000000ae000000, 0x00000000ae000000| Untracked 
| 225|0x00000000ae100000, 0x00000000ae100000, 0x00000000ae200000|  0%| F|  |TAMS 0x00000000ae100000, 0x00000000ae100000| Untracked 
| 226|0x00000000ae200000, 0x00000000ae300000, 0x00000000ae300000|100%| O|  |TAMS 0x00000000ae300000, 0x00000000ae200000| Complete 
| 227|0x00000000ae300000, 0x00000000ae400000, 0x00000000ae400000|100%| O|  |TAMS 0x00000000ae400000, 0x00000000ae300000| Complete 
| 228|0x00000000ae400000, 0x00000000ae500000, 0x00000000ae500000|100%| O|  |TAMS 0x00000000ae500000, 0x00000000ae400000| Complete 
| 229|0x00000000ae500000, 0x00000000ae500000, 0x00000000ae600000|  0%| F|  |TAMS 0x00000000ae500000, 0x00000000ae500000| Untracked 
| 230|0x00000000ae600000, 0x00000000ae600000, 0x00000000ae700000|  0%| F|  |TAMS 0x00000000ae600000, 0x00000000ae600000| Untracked 
| 231|0x00000000ae700000, 0x00000000ae700000, 0x00000000ae800000|  0%| F|  |TAMS 0x00000000ae700000, 0x00000000ae700000| Untracked 
| 232|0x00000000ae800000, 0x00000000ae800000, 0x00000000ae900000|  0%| F|  |TAMS 0x00000000ae800000, 0x00000000ae800000| Untracked 
| 233|0x00000000ae900000, 0x00000000ae900000, 0x00000000aea00000|  0%| F|  |TAMS 0x00000000ae900000, 0x00000000ae900000| Untracked 
| 234|0x00000000aea00000, 0x00000000aea00000, 0x00000000aeb00000|  0%| F|  |TAMS 0x00000000aea00000, 0x00000000aea00000| Untracked 
| 235|0x00000000aeb00000, 0x00000000aeb00000, 0x00000000aec00000|  0%| F|  |TAMS 0x00000000aeb00000, 0x00000000aeb00000| Untracked 
| 236|0x00000000aec00000, 0x00000000aec00000, 0x00000000aed00000|  0%| F|  |TAMS 0x00000000aec00000, 0x00000000aec00000| Untracked 
| 237|0x00000000aed00000, 0x00000000aee00000, 0x00000000aee00000|100%| O|  |TAMS 0x00000000aee00000, 0x00000000aed00000| Complete 
| 238|0x00000000aee00000, 0x00000000aef00000, 0x00000000aef00000|100%| O|  |TAMS 0x00000000aef00000, 0x00000000aee00000| Complete 
| 239|0x00000000aef00000, 0x00000000af000000, 0x00000000af000000|100%| O|  |TAMS 0x00000000af000000, 0x00000000aef00000| Complete 
| 240|0x00000000af000000, 0x00000000af000000, 0x00000000af100000|  0%| F|  |TAMS 0x00000000af000000, 0x00000000af000000| Untracked 
| 241|0x00000000af100000, 0x00000000af100000, 0x00000000af200000|  0%| F|  |TAMS 0x00000000af100000, 0x00000000af100000| Untracked 
| 242|0x00000000af200000, 0x00000000af200000, 0x00000000af300000|  0%| F|  |TAMS 0x00000000af200000, 0x00000000af200000| Untracked 
| 243|0x00000000af300000, 0x00000000af300000, 0x00000000af400000|  0%| F|  |TAMS 0x00000000af300000, 0x00000000af300000| Untracked 
| 244|0x00000000af400000, 0x00000000af400000, 0x00000000af500000|  0%| F|  |TAMS 0x00000000af400000, 0x00000000af400000| Untracked 
| 245|0x00000000af500000, 0x00000000af500000, 0x00000000af600000|  0%| F|  |TAMS 0x00000000af500000, 0x00000000af500000| Untracked 
| 246|0x00000000af600000, 0x00000000af600000, 0x00000000af700000|  0%| F|  |TAMS 0x00000000af600000, 0x00000000af600000| Untracked 
| 247|0x00000000af700000, 0x00000000af700000, 0x00000000af800000|  0%| F|  |TAMS 0x00000000af700000, 0x00000000af700000| Untracked 
| 248|0x00000000af800000, 0x00000000af800000, 0x00000000af900000|  0%| F|  |TAMS 0x00000000af800000, 0x00000000af800000| Untracked 
| 249|0x00000000af900000, 0x00000000af900000, 0x00000000afa00000|  0%| F|  |TAMS 0x00000000af900000, 0x00000000af900000| Untracked 
| 250|0x00000000afa00000, 0x00000000afa00000, 0x00000000afb00000|  0%| F|  |TAMS 0x00000000afa00000, 0x00000000afa00000| Untracked 
| 251|0x00000000afb00000, 0x00000000afb00000, 0x00000000afc00000|  0%| F|  |TAMS 0x00000000afb00000, 0x00000000afb00000| Untracked 
| 252|0x00000000afc00000, 0x00000000afc00000, 0x00000000afd00000|  0%| F|  |TAMS 0x00000000afc00000, 0x00000000afc00000| Untracked 
| 253|0x00000000afd00000, 0x00000000afd00000, 0x00000000afe00000|  0%| F|  |TAMS 0x00000000afd00000, 0x00000000afd00000| Untracked 
| 254|0x00000000afe00000, 0x00000000afe00000, 0x00000000aff00000|  0%| F|  |TAMS 0x00000000afe00000, 0x00000000afe00000| Untracked 
| 255|0x00000000aff00000, 0x00000000aff00000, 0x00000000b0000000|  0%| F|  |TAMS 0x00000000aff00000, 0x00000000aff00000| Untracked 
| 256|0x00000000b0000000, 0x00000000b0000000, 0x00000000b0100000|  0%| F|  |TAMS 0x00000000b0000000, 0x00000000b0000000| Untracked 
| 257|0x00000000b0100000, 0x00000000b0100000, 0x00000000b0200000|  0%| F|  |TAMS 0x00000000b0100000, 0x00000000b0100000| Untracked 
| 258|0x00000000b0200000, 0x00000000b0200000, 0x00000000b0300000|  0%| F|  |TAMS 0x00000000b0200000, 0x00000000b0200000| Untracked 
| 259|0x00000000b0300000, 0x00000000b0300000, 0x00000000b0400000|  0%| F|  |TAMS 0x00000000b0300000, 0x00000000b0300000| Untracked 
| 260|0x00000000b0400000, 0x00000000b0400000, 0x00000000b0500000|  0%| F|  |TAMS 0x00000000b0400000, 0x00000000b0400000| Untracked 
| 261|0x00000000b0500000, 0x00000000b0500000, 0x00000000b0600000|  0%| F|  |TAMS 0x00000000b0500000, 0x00000000b0500000| Untracked 
| 262|0x00000000b0600000, 0x00000000b0600000, 0x00000000b0700000|  0%| F|  |TAMS 0x00000000b0600000, 0x00000000b0600000| Untracked 
| 263|0x00000000b0700000, 0x00000000b0700000, 0x00000000b0800000|  0%| F|  |TAMS 0x00000000b0700000, 0x00000000b0700000| Untracked 
| 264|0x00000000b0800000, 0x00000000b0800000, 0x00000000b0900000|  0%| F|  |TAMS 0x00000000b0800000, 0x00000000b0800000| Untracked 
| 265|0x00000000b0900000, 0x00000000b0900000, 0x00000000b0a00000|  0%| F|  |TAMS 0x00000000b0900000, 0x00000000b0900000| Untracked 
| 266|0x00000000b0a00000, 0x00000000b0a00000, 0x00000000b0b00000|  0%| F|  |TAMS 0x00000000b0a00000, 0x00000000b0a00000| Untracked 
| 267|0x00000000b0b00000, 0x00000000b0b00000, 0x00000000b0c00000|  0%| F|  |TAMS 0x00000000b0b00000, 0x00000000b0b00000| Untracked 
| 268|0x00000000b0c00000, 0x00000000b0c00000, 0x00000000b0d00000|  0%| F|  |TAMS 0x00000000b0c00000, 0x00000000b0c00000| Untracked 
| 269|0x00000000b0d00000, 0x00000000b0d00000, 0x00000000b0e00000|  0%| F|  |TAMS 0x00000000b0d00000, 0x00000000b0d00000| Untracked 
| 270|0x00000000b0e00000, 0x00000000b0e00000, 0x00000000b0f00000|  0%| F|  |TAMS 0x00000000b0e00000, 0x00000000b0e00000| Untracked 
| 271|0x00000000b0f00000, 0x00000000b0f00000, 0x00000000b1000000|  0%| F|  |TAMS 0x00000000b0f00000, 0x00000000b0f00000| Untracked 
| 272|0x00000000b1000000, 0x00000000b1000000, 0x00000000b1100000|  0%| F|  |TAMS 0x00000000b1000000, 0x00000000b1000000| Untracked 
| 273|0x00000000b1100000, 0x00000000b1100000, 0x00000000b1200000|  0%| F|  |TAMS 0x00000000b1100000, 0x00000000b1100000| Untracked 
| 274|0x00000000b1200000, 0x00000000b1200000, 0x00000000b1300000|  0%| F|  |TAMS 0x00000000b1200000, 0x00000000b1200000| Untracked 
| 275|0x00000000b1300000, 0x00000000b1300000, 0x00000000b1400000|  0%| F|  |TAMS 0x00000000b1300000, 0x00000000b1300000| Untracked 
| 276|0x00000000b1400000, 0x00000000b1400000, 0x00000000b1500000|  0%| F|  |TAMS 0x00000000b1400000, 0x00000000b1400000| Untracked 
| 277|0x00000000b1500000, 0x00000000b1500000, 0x00000000b1600000|  0%| F|  |TAMS 0x00000000b1500000, 0x00000000b1500000| Untracked 
| 278|0x00000000b1600000, 0x00000000b1600000, 0x00000000b1700000|  0%| F|  |TAMS 0x00000000b1600000, 0x00000000b1600000| Untracked 
| 279|0x00000000b1700000, 0x00000000b1700000, 0x00000000b1800000|  0%| F|  |TAMS 0x00000000b1700000, 0x00000000b1700000| Untracked 
| 280|0x00000000b1800000, 0x00000000b1800000, 0x00000000b1900000|  0%| F|  |TAMS 0x00000000b1800000, 0x00000000b1800000| Untracked 
| 281|0x00000000b1900000, 0x00000000b1900000, 0x00000000b1a00000|  0%| F|  |TAMS 0x00000000b1900000, 0x00000000b1900000| Untracked 
| 282|0x00000000b1a00000, 0x00000000b1a00000, 0x00000000b1b00000|  0%| F|  |TAMS 0x00000000b1a00000, 0x00000000b1a00000| Untracked 
| 283|0x00000000b1b00000, 0x00000000b1b00000, 0x00000000b1c00000|  0%| F|  |TAMS 0x00000000b1b00000, 0x00000000b1b00000| Untracked 
| 284|0x00000000b1c00000, 0x00000000b1c00000, 0x00000000b1d00000|  0%| F|  |TAMS 0x00000000b1c00000, 0x00000000b1c00000| Untracked 
| 285|0x00000000b1d00000, 0x00000000b1d00000, 0x00000000b1e00000|  0%| F|  |TAMS 0x00000000b1d00000, 0x00000000b1d00000| Untracked 
| 286|0x00000000b1e00000, 0x00000000b1e00000, 0x00000000b1f00000|  0%| F|  |TAMS 0x00000000b1e00000, 0x00000000b1e00000| Untracked 
| 287|0x00000000b1f00000, 0x00000000b1f00000, 0x00000000b2000000|  0%| F|  |TAMS 0x00000000b1f00000, 0x00000000b1f00000| Untracked 
| 288|0x00000000b2000000, 0x00000000b2000000, 0x00000000b2100000|  0%| F|  |TAMS 0x00000000b2000000, 0x00000000b2000000| Untracked 
| 289|0x00000000b2100000, 0x00000000b2100000, 0x00000000b2200000|  0%| F|  |TAMS 0x00000000b2100000, 0x00000000b2100000| Untracked 
| 290|0x00000000b2200000, 0x00000000b2200000, 0x00000000b2300000|  0%| F|  |TAMS 0x00000000b2200000, 0x00000000b2200000| Untracked 
| 291|0x00000000b2300000, 0x00000000b2300000, 0x00000000b2400000|  0%| F|  |TAMS 0x00000000b2300000, 0x00000000b2300000| Untracked 
| 292|0x00000000b2400000, 0x00000000b2400000, 0x00000000b2500000|  0%| F|  |TAMS 0x00000000b2400000, 0x00000000b2400000| Untracked 
| 293|0x00000000b2500000, 0x00000000b2500000, 0x00000000b2600000|  0%| F|  |TAMS 0x00000000b2500000, 0x00000000b2500000| Untracked 
| 294|0x00000000b2600000, 0x00000000b2600000, 0x00000000b2700000|  0%| F|  |TAMS 0x00000000b2600000, 0x00000000b2600000| Untracked 
| 295|0x00000000b2700000, 0x00000000b2700000, 0x00000000b2800000|  0%| F|  |TAMS 0x00000000b2700000, 0x00000000b2700000| Untracked 
| 296|0x00000000b2800000, 0x00000000b2800000, 0x00000000b2900000|  0%| F|  |TAMS 0x00000000b2800000, 0x00000000b2800000| Untracked 
| 297|0x00000000b2900000, 0x00000000b2900000, 0x00000000b2a00000|  0%| F|  |TAMS 0x00000000b2900000, 0x00000000b2900000| Untracked 
| 298|0x00000000b2a00000, 0x00000000b2a00000, 0x00000000b2b00000|  0%| F|  |TAMS 0x00000000b2a00000, 0x00000000b2a00000| Untracked 
| 299|0x00000000b2b00000, 0x00000000b2b00000, 0x00000000b2c00000|  0%| F|  |TAMS 0x00000000b2b00000, 0x00000000b2b00000| Untracked 
| 300|0x00000000b2c00000, 0x00000000b2c00000, 0x00000000b2d00000|  0%| F|  |TAMS 0x00000000b2c00000, 0x00000000b2c00000| Untracked 
| 301|0x00000000b2d00000, 0x00000000b2d00000, 0x00000000b2e00000|  0%| F|  |TAMS 0x00000000b2d00000, 0x00000000b2d00000| Untracked 
| 302|0x00000000b2e00000, 0x00000000b2e00000, 0x00000000b2f00000|  0%| F|  |TAMS 0x00000000b2e00000, 0x00000000b2e00000| Untracked 
| 303|0x00000000b2f00000, 0x00000000b2f00000, 0x00000000b3000000|  0%| F|  |TAMS 0x00000000b2f00000, 0x00000000b2f00000| Untracked 
| 304|0x00000000b3000000, 0x00000000b3000000, 0x00000000b3100000|  0%| F|  |TAMS 0x00000000b3000000, 0x00000000b3000000| Untracked 
| 305|0x00000000b3100000, 0x00000000b3100000, 0x00000000b3200000|  0%| F|  |TAMS 0x00000000b3100000, 0x00000000b3100000| Untracked 
| 306|0x00000000b3200000, 0x00000000b3200000, 0x00000000b3300000|  0%| F|  |TAMS 0x00000000b3200000, 0x00000000b3200000| Untracked 
| 307|0x00000000b3300000, 0x00000000b3300000, 0x00000000b3400000|  0%| F|  |TAMS 0x00000000b3300000, 0x00000000b3300000| Untracked 
| 308|0x00000000b3400000, 0x00000000b3400000, 0x00000000b3500000|  0%| F|  |TAMS 0x00000000b3400000, 0x00000000b3400000| Untracked 
| 309|0x00000000b3500000, 0x00000000b3500000, 0x00000000b3600000|  0%| F|  |TAMS 0x00000000b3500000, 0x00000000b3500000| Untracked 
| 310|0x00000000b3600000, 0x00000000b3600000, 0x00000000b3700000|  0%| F|  |TAMS 0x00000000b3600000, 0x00000000b3600000| Untracked 
| 311|0x00000000b3700000, 0x00000000b3700000, 0x00000000b3800000|  0%| F|  |TAMS 0x00000000b3700000, 0x00000000b3700000| Untracked 
| 312|0x00000000b3800000, 0x00000000b3800000, 0x00000000b3900000|  0%| F|  |TAMS 0x00000000b3800000, 0x00000000b3800000| Untracked 
| 313|0x00000000b3900000, 0x00000000b3900000, 0x00000000b3a00000|  0%| F|  |TAMS 0x00000000b3900000, 0x00000000b3900000| Untracked 
| 314|0x00000000b3a00000, 0x00000000b3a00000, 0x00000000b3b00000|  0%| F|  |TAMS 0x00000000b3a00000, 0x00000000b3a00000| Untracked 
| 315|0x00000000b3b00000, 0x00000000b3b00000, 0x00000000b3c00000|  0%| F|  |TAMS 0x00000000b3b00000, 0x00000000b3b00000| Untracked 
| 316|0x00000000b3c00000, 0x00000000b3c00000, 0x00000000b3d00000|  0%| F|  |TAMS 0x00000000b3c00000, 0x00000000b3c00000| Untracked 
| 317|0x00000000b3d00000, 0x00000000b3d00000, 0x00000000b3e00000|  0%| F|  |TAMS 0x00000000b3d00000, 0x00000000b3d00000| Untracked 
| 318|0x00000000b3e00000, 0x00000000b3e00000, 0x00000000b3f00000|  0%| F|  |TAMS 0x00000000b3e00000, 0x00000000b3e00000| Untracked 
| 319|0x00000000b3f00000, 0x00000000b3f00000, 0x00000000b4000000|  0%| F|  |TAMS 0x00000000b3f00000, 0x00000000b3f00000| Untracked 
| 320|0x00000000b4000000, 0x00000000b4000000, 0x00000000b4100000|  0%| F|  |TAMS 0x00000000b4000000, 0x00000000b4000000| Untracked 
| 321|0x00000000b4100000, 0x00000000b4100000, 0x00000000b4200000|  0%| F|  |TAMS 0x00000000b4100000, 0x00000000b4100000| Untracked 
| 322|0x00000000b4200000, 0x00000000b4200000, 0x00000000b4300000|  0%| F|  |TAMS 0x00000000b4200000, 0x00000000b4200000| Untracked 
| 323|0x00000000b4300000, 0x00000000b4300000, 0x00000000b4400000|  0%| F|  |TAMS 0x00000000b4300000, 0x00000000b4300000| Untracked 
| 324|0x00000000b4400000, 0x00000000b4400000, 0x00000000b4500000|  0%| F|  |TAMS 0x00000000b4400000, 0x00000000b4400000| Untracked 
| 325|0x00000000b4500000, 0x00000000b4500000, 0x00000000b4600000|  0%| F|  |TAMS 0x00000000b4500000, 0x00000000b4500000| Untracked 
| 326|0x00000000b4600000, 0x00000000b4600000, 0x00000000b4700000|  0%| F|  |TAMS 0x00000000b4600000, 0x00000000b4600000| Untracked 
| 327|0x00000000b4700000, 0x00000000b4700000, 0x00000000b4800000|  0%| F|  |TAMS 0x00000000b4700000, 0x00000000b4700000| Untracked 
| 328|0x00000000b4800000, 0x00000000b4800000, 0x00000000b4900000|  0%| F|  |TAMS 0x00000000b4800000, 0x00000000b4800000| Untracked 
| 329|0x00000000b4900000, 0x00000000b4900000, 0x00000000b4a00000|  0%| F|  |TAMS 0x00000000b4900000, 0x00000000b4900000| Untracked 
| 330|0x00000000b4a00000, 0x00000000b4a00000, 0x00000000b4b00000|  0%| F|  |TAMS 0x00000000b4a00000, 0x00000000b4a00000| Untracked 
| 331|0x00000000b4b00000, 0x00000000b4b00000, 0x00000000b4c00000|  0%| F|  |TAMS 0x00000000b4b00000, 0x00000000b4b00000| Untracked 
| 332|0x00000000b4c00000, 0x00000000b4c00000, 0x00000000b4d00000|  0%| F|  |TAMS 0x00000000b4c00000, 0x00000000b4c00000| Untracked 
| 333|0x00000000b4d00000, 0x00000000b4d00000, 0x00000000b4e00000|  0%| F|  |TAMS 0x00000000b4d00000, 0x00000000b4d00000| Untracked 
| 334|0x00000000b4e00000, 0x00000000b4e00000, 0x00000000b4f00000|  0%| F|  |TAMS 0x00000000b4e00000, 0x00000000b4e00000| Untracked 
| 335|0x00000000b4f00000, 0x00000000b4f00000, 0x00000000b5000000|  0%| F|  |TAMS 0x00000000b4f00000, 0x00000000b4f00000| Untracked 
| 336|0x00000000b5000000, 0x00000000b5000000, 0x00000000b5100000|  0%| F|  |TAMS 0x00000000b5000000, 0x00000000b5000000| Untracked 
| 337|0x00000000b5100000, 0x00000000b5100000, 0x00000000b5200000|  0%| F|  |TAMS 0x00000000b5100000, 0x00000000b5100000| Untracked 
| 338|0x00000000b5200000, 0x00000000b5200000, 0x00000000b5300000|  0%| F|  |TAMS 0x00000000b5200000, 0x00000000b5200000| Untracked 
| 339|0x00000000b5300000, 0x00000000b5300000, 0x00000000b5400000|  0%| F|  |TAMS 0x00000000b5300000, 0x00000000b5300000| Untracked 
| 340|0x00000000b5400000, 0x00000000b5400000, 0x00000000b5500000|  0%| F|  |TAMS 0x00000000b5400000, 0x00000000b5400000| Untracked 
| 341|0x00000000b5500000, 0x00000000b5500000, 0x00000000b5600000|  0%| F|  |TAMS 0x00000000b5500000, 0x00000000b5500000| Untracked 
| 342|0x00000000b5600000, 0x00000000b5600000, 0x00000000b5700000|  0%| F|  |TAMS 0x00000000b5600000, 0x00000000b5600000| Untracked 
| 343|0x00000000b5700000, 0x00000000b5700000, 0x00000000b5800000|  0%| F|  |TAMS 0x00000000b5700000, 0x00000000b5700000| Untracked 
| 344|0x00000000b5800000, 0x00000000b5800000, 0x00000000b5900000|  0%| F|  |TAMS 0x00000000b5800000, 0x00000000b5800000| Untracked 
| 345|0x00000000b5900000, 0x00000000b5900000, 0x00000000b5a00000|  0%| F|  |TAMS 0x00000000b5900000, 0x00000000b5900000| Untracked 
| 346|0x00000000b5a00000, 0x00000000b5a00000, 0x00000000b5b00000|  0%| F|  |TAMS 0x00000000b5a00000, 0x00000000b5a00000| Untracked 
| 347|0x00000000b5b00000, 0x00000000b5b00000, 0x00000000b5c00000|  0%| F|  |TAMS 0x00000000b5b00000, 0x00000000b5b00000| Untracked 
| 348|0x00000000b5c00000, 0x00000000b5c00000, 0x00000000b5d00000|  0%| F|  |TAMS 0x00000000b5c00000, 0x00000000b5c00000| Untracked 
| 349|0x00000000b5d00000, 0x00000000b5d00000, 0x00000000b5e00000|  0%| F|  |TAMS 0x00000000b5d00000, 0x00000000b5d00000| Untracked 
| 350|0x00000000b5e00000, 0x00000000b5e00000, 0x00000000b5f00000|  0%| F|  |TAMS 0x00000000b5e00000, 0x00000000b5e00000| Untracked 
| 351|0x00000000b5f00000, 0x00000000b5f00000, 0x00000000b6000000|  0%| F|  |TAMS 0x00000000b5f00000, 0x00000000b5f00000| Untracked 
| 352|0x00000000b6000000, 0x00000000b6000000, 0x00000000b6100000|  0%| F|  |TAMS 0x00000000b6000000, 0x00000000b6000000| Untracked 
| 353|0x00000000b6100000, 0x00000000b6100000, 0x00000000b6200000|  0%| F|  |TAMS 0x00000000b6100000, 0x00000000b6100000| Untracked 
| 354|0x00000000b6200000, 0x00000000b6200000, 0x00000000b6300000|  0%| F|  |TAMS 0x00000000b6200000, 0x00000000b6200000| Untracked 
| 355|0x00000000b6300000, 0x00000000b6300000, 0x00000000b6400000|  0%| F|  |TAMS 0x00000000b6300000, 0x00000000b6300000| Untracked 
| 356|0x00000000b6400000, 0x00000000b6400000, 0x00000000b6500000|  0%| F|  |TAMS 0x00000000b6400000, 0x00000000b6400000| Untracked 
| 357|0x00000000b6500000, 0x00000000b6500000, 0x00000000b6600000|  0%| F|  |TAMS 0x00000000b6500000, 0x00000000b6500000| Untracked 
| 358|0x00000000b6600000, 0x00000000b6600000, 0x00000000b6700000|  0%| F|  |TAMS 0x00000000b6600000, 0x00000000b6600000| Untracked 
| 359|0x00000000b6700000, 0x00000000b6700000, 0x00000000b6800000|  0%| F|  |TAMS 0x00000000b6700000, 0x00000000b6700000| Untracked 
| 360|0x00000000b6800000, 0x00000000b6800000, 0x00000000b6900000|  0%| F|  |TAMS 0x00000000b6800000, 0x00000000b6800000| Untracked 
| 361|0x00000000b6900000, 0x00000000b6900000, 0x00000000b6a00000|  0%| F|  |TAMS 0x00000000b6900000, 0x00000000b6900000| Untracked 
| 362|0x00000000b6a00000, 0x00000000b6a00000, 0x00000000b6b00000|  0%| F|  |TAMS 0x00000000b6a00000, 0x00000000b6a00000| Untracked 
| 363|0x00000000b6b00000, 0x00000000b6b890e8, 0x00000000b6c00000| 53%| E|  |TAMS 0x00000000b6b00000, 0x00000000b6b00000| Complete 
| 364|0x00000000b6c00000, 0x00000000b6d00000, 0x00000000b6d00000|100%| E|  |TAMS 0x00000000b6c00000, 0x00000000b6c00000| Complete 
| 365|0x00000000b6d00000, 0x00000000b6e00000, 0x00000000b6e00000|100%| E|CS|TAMS 0x00000000b6d00000, 0x00000000b6d00000| Complete 
| 366|0x00000000b6e00000, 0x00000000b6f00000, 0x00000000b6f00000|100%| E|CS|TAMS 0x00000000b6e00000, 0x00000000b6e00000| Complete 
| 367|0x00000000b6f00000, 0x00000000b7000000, 0x00000000b7000000|100%| E|CS|TAMS 0x00000000b6f00000, 0x00000000b6f00000| Complete 
| 368|0x00000000b7000000, 0x00000000b7100000, 0x00000000b7100000|100%| E|CS|TAMS 0x00000000b7000000, 0x00000000b7000000| Complete 
| 369|0x00000000b7100000, 0x00000000b7200000, 0x00000000b7200000|100%| E|CS|TAMS 0x00000000b7100000, 0x00000000b7100000| Complete 
| 370|0x00000000b7200000, 0x00000000b7270020, 0x00000000b7300000| 43%| S|CS|TAMS 0x00000000b7200000, 0x00000000b7200000| Complete 
| 371|0x00000000b7300000, 0x00000000b7400000, 0x00000000b7400000|100%| S|CS|TAMS 0x00000000b7300000, 0x00000000b7300000| Complete 
| 372|0x00000000b7400000, 0x00000000b7500000, 0x00000000b7500000|100%| E|CS|TAMS 0x00000000b7400000, 0x00000000b7400000| Complete 
| 373|0x00000000b7500000, 0x00000000b7600000, 0x00000000b7600000|100%| E|CS|TAMS 0x00000000b7500000, 0x00000000b7500000| Complete 
| 374|0x00000000b7600000, 0x00000000b7700000, 0x00000000b7700000|100%| E|CS|TAMS 0x00000000b7600000, 0x00000000b7600000| Complete 
| 375|0x00000000b7700000, 0x00000000b7800000, 0x00000000b7800000|100%| E|CS|TAMS 0x00000000b7700000, 0x00000000b7700000| Complete 

Card table byte_map: [0x000001a1c94c0000,0x000001a1c97c0000] _byte_map_base: 0x000001a1c8fc0000

Marking Bits (Prev, Next): (CMBitMap*) 0x000001a1b429f790, (CMBitMap*) 0x000001a1b429f758
 Prev Bits: [0x000001a1cb2c0000, 0x000001a1ccac0000)
 Next Bits: [0x000001a1c9ac0000, 0x000001a1cb2c0000)

Polling page: 0x000001a1b5ae0000

Metaspace:

Usage:
  Non-class:    136.38 MB capacity,   133.80 MB ( 98%) used,     2.07 MB (  2%) free+waste,   522.44 KB ( <1%) overhead. 
      Class:     20.52 MB capacity,    19.01 MB ( 93%) used,     1.28 MB (  6%) free+waste,   228.19 KB (  1%) overhead. 
       Both:    156.90 MB capacity,   152.81 MB ( 97%) used,     3.36 MB (  2%) free+waste,   750.63 KB ( <1%) overhead. 

Virtual space:
  Non-class space:      140.00 MB reserved,     138.16 MB ( 99%) committed 
      Class space:        1.00 GB reserved,      21.25 MB (  2%) committed 
             Both:        1.14 GB reserved,     159.41 MB ( 14%) committed 

Chunk freelists:
   Non-Class:  1.78 MB
       Class:  718.00 KB
        Both:  2.48 MB

MaxMetaspaceSize: 17179869184.00 GB
CompressedClassSpaceSize: 1.00 GB

CodeHeap 'non-profiled nmethods': size=120000Kb used=18999Kb max_used=18999Kb free=101000Kb
 bounds [0x000001a1c0ff0000, 0x000001a1c2280000, 0x000001a1c8520000]
CodeHeap 'profiled nmethods': size=120000Kb used=54103Kb max_used=54103Kb free=65896Kb
 bounds [0x000001a1b9ac0000, 0x000001a1bcfc0000, 0x000001a1c0ff0000]
CodeHeap 'non-nmethods': size=5760Kb used=2448Kb max_used=2497Kb free=3312Kb
 bounds [0x000001a1b9520000, 0x000001a1b97b0000, 0x000001a1b9ac0000]
 total_blobs=26610 nmethods=25514 adapters=1004
 compilation: enabled
              stopped_count=0, restarted_count=0
 full_count=0

Compilation events (20 events):
Event: 1995.348 Thread 0x000001a1d0097800 28941       3       com.android.apksig.internal.apk.v1.V1SchemeVerifier::getJarDigestAttributeName (50 bytes)
Event: 1995.348 Thread 0x000001a1d0097800 nmethod 28941 0x000001a1bcfaae10 code [0x000001a1bcfab100, 0x000001a1bcfabf28]
Event: 1995.348 Thread 0x000001a1d0097800 28945       3       java.util.Base64$Decoder::decode0 (536 bytes)
Event: 1995.350 Thread 0x000001a1d0097800 nmethod 28945 0x000001a1bcfac390 code [0x000001a1bcfac7a0, 0x000001a1bcfae548]
Event: 1995.350 Thread 0x000001a1d0097800 28944       3       com.android.apksig.internal.apk.v1.V1SchemeSigner::isJarEntryDigestNeededInManifest (113 bytes)
Event: 1995.351 Thread 0x000001a1d0097800 nmethod 28944 0x000001a1bcfaf110 code [0x000001a1bcfaf520, 0x000001a1bcfb0d48]
Event: 1995.351 Thread 0x000001a1d0097800 28943       3       com.android.apksig.DefaultApkSignerEngine::isDebuggable (23 bytes)
Event: 1995.351 Thread 0x000001a1d0097800 nmethod 28943 0x000001a1bcfb1590 code [0x000001a1bcfb1760, 0x000001a1bcfb1928]
Event: 1995.351 Thread 0x000001a1d0097800 28946       3       com.android.zipflinger.Entry::isDirectory (27 bytes)
Event: 1995.351 Thread 0x000001a1d0097800 nmethod 28946 0x000001a1bcfb1a10 code [0x000001a1bcfb1c40, 0x000001a1bcfb2358]
Event: 1995.351 Thread 0x000001a1d0097800 28949       3       com.android.zipflinger.Entry::isCompressed (13 bytes)
Event: 1995.351 Thread 0x000001a1d0097800 nmethod 28949 0x000001a1bcfb2610 code [0x000001a1bcfb27c0, 0x000001a1bcfb2918]
Event: 1995.352 Thread 0x000001a1d0097800 28947       3       com.android.builder.internal.packaging.IncrementalPackager$$Lambda$3751/0x0000000101526040::apply (12 bytes)
Event: 1995.352 Thread 0x000001a1d0097800 nmethod 28947 0x000001a1bcfb2990 code [0x000001a1bcfb2b60, 0x000001a1bcfb2ec8]
Event: 1995.352 Thread 0x000001a1d0097800 28948       3       com.android.builder.internal.packaging.IncrementalPackager::lambda$addFiles$13 (16 bytes)
Event: 1995.352 Thread 0x000001a1d0097800 nmethod 28948 0x000001a1bcfb3010 code [0x000001a1bcfb31c0, 0x000001a1bcfb33c8]
Event: 1995.355 Thread 0x000001a1d0097800 28951       2       java.util.jar.Attributes::putValue (13 bytes)
Event: 1995.355 Thread 0x000001a1d0097800 nmethod 28951 0x000001a1bcfb3490 code [0x000001a1bcfb36a0, 0x000001a1bcfb3a68]
Event: 1995.356 Thread 0x000001a1d0097800 28952       3       com.android.apksig.internal.jar.SignatureFileWriter::writeIndividualSection (7 bytes)
Event: 1995.356 Thread 0x000001a1d0097800 nmethod 28952 0x000001a1bcfb3d10 code [0x000001a1bcfb3fa0, 0x000001a1bcfb4798]

GC Heap History (20 events):
Event: 229.576 GC heap before
{Heap before GC invocations=69 (full 0):
 garbage-first heap   total 385024K, used 325730K [0x00000000a0000000, 0x0000000100000000)
  region size 1024K, 89 young (91136K), 9 survivors (9216K)
 Metaspace       used 153565K, capacity 158426K, committed 158504K, reserved 1187840K
  class space    used 19346K, capacity 21067K, committed 21120K, reserved 1048576K
}
Event: 229.592 GC heap after
{Heap after GC invocations=70 (full 0):
 garbage-first heap   total 385024K, used 263838K [0x00000000a0000000, 0x0000000100000000)
  region size 1024K, 12 young (12288K), 12 survivors (12288K)
 Metaspace       used 153565K, capacity 158426K, committed 158504K, reserved 1187840K
  class space    used 19346K, capacity 21067K, committed 21120K, reserved 1048576K
}
Event: 229.771 GC heap before
{Heap before GC invocations=70 (full 0):
 garbage-first heap   total 385024K, used 321182K [0x00000000a0000000, 0x0000000100000000)
  region size 1024K, 69 young (70656K), 12 survivors (12288K)
 Metaspace       used 155619K, capacity 160746K, committed 160936K, reserved 1189888K
  class space    used 19644K, capacity 21463K, committed 21504K, reserved 1048576K
}
Event: 229.782 GC heap after
{Heap after GC invocations=71 (full 0):
 garbage-first heap   total 385024K, used 271644K [0x00000000a0000000, 0x0000000100000000)
  region size 1024K, 7 young (7168K), 7 survivors (7168K)
 Metaspace       used 155619K, capacity 160746K, committed 160936K, reserved 1189888K
  class space    used 19644K, capacity 21463K, committed 21504K, reserved 1048576K
}
Event: 229.961 GC heap before
{Heap before GC invocations=71 (full 0):
 garbage-first heap   total 385024K, used 324892K [0x00000000a0000000, 0x0000000100000000)
  region size 1024K, 60 young (61440K), 7 survivors (7168K)
 Metaspace       used 155860K, capacity 161020K, committed 161320K, reserved 1189888K
  class space    used 19663K, capacity 21511K, committed 21632K, reserved 1048576K
}
Event: 229.966 GC heap after
{Heap after GC invocations=72 (full 0):
 garbage-first heap   total 385024K, used 271608K [0x00000000a0000000, 0x0000000100000000)
  region size 1024K, 4 young (4096K), 4 survivors (4096K)
 Metaspace       used 155860K, capacity 161020K, committed 161320K, reserved 1189888K
  class space    used 19663K, capacity 21511K, committed 21632K, reserved 1048576K
}
Event: 230.485 GC heap before
{Heap before GC invocations=72 (full 0):
 garbage-first heap   total 385024K, used 339192K [0x00000000a0000000, 0x0000000100000000)
  region size 1024K, 57 young (58368K), 4 survivors (4096K)
 Metaspace       used 156987K, capacity 162168K, committed 162472K, reserved 1189888K
  class space    used 19799K, capacity 21671K, committed 21760K, reserved 1048576K
}
Event: 230.490 GC heap after
{Heap after GC invocations=73 (full 0):
 garbage-first heap   total 385024K, used 283413K [0x00000000a0000000, 0x0000000100000000)
  region size 1024K, 6 young (6144K), 6 survivors (6144K)
 Metaspace       used 156987K, capacity 162168K, committed 162472K, reserved 1189888K
  class space    used 19799K, capacity 21671K, committed 21760K, reserved 1048576K
}
Event: 495.520 GC heap before
{Heap before GC invocations=74 (full 0):
 garbage-first heap   total 385024K, used 316181K [0x00000000a0000000, 0x0000000100000000)
  region size 1024K, 53 young (54272K), 6 survivors (6144K)
 Metaspace       used 156628K, capacity 161266K, committed 162728K, reserved 1189888K
  class space    used 19571K, capacity 21229K, committed 21760K, reserved 1048576K
}
Event: 495.525 GC heap after
{Heap after GC invocations=75 (full 0):
 garbage-first heap   total 385024K, used 240470K [0x00000000a0000000, 0x0000000100000000)
  region size 1024K, 5 young (5120K), 5 survivors (5120K)
 Metaspace       used 156628K, capacity 161266K, committed 162728K, reserved 1189888K
  class space    used 19571K, capacity 21229K, committed 21760K, reserved 1048576K
}
Event: 495.696 GC heap before
{Heap before GC invocations=75 (full 0):
 garbage-first heap   total 385024K, used 253782K [0x00000000a0000000, 0x0000000100000000)
  region size 1024K, 18 young (18432K), 5 survivors (5120K)
 Metaspace       used 156757K, capacity 161452K, committed 162984K, reserved 1189888K
  class space    used 19577K, capacity 21240K, committed 21760K, reserved 1048576K
}
Event: 495.704 GC heap after
{Heap after GC invocations=76 (full 0):
 garbage-first heap   total 385024K, used 206000K [0x00000000a0000000, 0x0000000100000000)
  region size 1024K, 3 young (3072K), 3 survivors (3072K)
 Metaspace       used 156757K, capacity 161452K, committed 162984K, reserved 1189888K
  class space    used 19577K, capacity 21240K, committed 21760K, reserved 1048576K
}
Event: 495.888 GC heap before
{Heap before GC invocations=76 (full 0):
 garbage-first heap   total 385024K, used 220336K [0x00000000a0000000, 0x0000000100000000)
  region size 1024K, 18 young (18432K), 3 survivors (3072K)
 Metaspace       used 156832K, capacity 161552K, committed 162984K, reserved 1189888K
  class space    used 19583K, capacity 21250K, committed 21760K, reserved 1048576K
}
Event: 495.905 GC heap after
{Heap after GC invocations=77 (full 0):
 garbage-first heap   total 385024K, used 190358K [0x00000000a0000000, 0x0000000100000000)
  region size 1024K, 2 young (2048K), 2 survivors (2048K)
 Metaspace       used 156832K, capacity 161552K, committed 162984K, reserved 1189888K
  class space    used 19583K, capacity 21250K, committed 21760K, reserved 1048576K
}
Event: 1991.282 GC heap before
{Heap before GC invocations=77 (full 0):
 garbage-first heap   total 385024K, used 274326K [0x00000000a0000000, 0x0000000100000000)
  region size 1024K, 86 young (88064K), 2 survivors (2048K)
 Metaspace       used 157270K, capacity 161986K, committed 163240K, reserved 1191936K
  class space    used 19600K, capacity 21277K, committed 21760K, reserved 1048576K
}
Event: 1991.293 GC heap after
{Heap after GC invocations=78 (full 0):
 garbage-first heap   total 385024K, used 196091K [0x00000000a0000000, 0x0000000100000000)
  region size 1024K, 8 young (8192K), 8 survivors (8192K)
 Metaspace       used 157270K, capacity 161986K, committed 163240K, reserved 1191936K
  class space    used 19600K, capacity 21277K, committed 21760K, reserved 1048576K
}
Event: 1995.270 GC heap before
{Heap before GC invocations=79 (full 0):
 garbage-first heap   total 385024K, used 302587K [0x00000000a0000000, 0x0000000100000000)
  region size 1024K, 110 young (112640K), 8 survivors (8192K)
 Metaspace       used 156430K, capacity 160598K, committed 163240K, reserved 1191936K
  class space    used 19462K, capacity 21009K, committed 21760K, reserved 1048576K
}
Event: 1995.279 GC heap after
{Heap after GC invocations=80 (full 0):
 garbage-first heap   total 385024K, used 192094K [0x00000000a0000000, 0x0000000100000000)
  region size 1024K, 14 young (14336K), 14 survivors (14336K)
 Metaspace       used 156430K, capacity 160598K, committed 163240K, reserved 1191936K
  class space    used 19462K, capacity 21009K, committed 21760K, reserved 1048576K
}
Event: 1995.302 GC heap before
{Heap before GC invocations=80 (full 0):
 garbage-first heap   total 385024K, used 196190K [0x00000000a0000000, 0x0000000100000000)
  region size 1024K, 18 young (18432K), 14 survivors (14336K)
 Metaspace       used 156436K, capacity 160600K, committed 163240K, reserved 1191936K
  class space    used 19463K, capacity 21010K, committed 21760K, reserved 1048576K
}
Event: 1995.312 GC heap after
{Heap after GC invocations=81 (full 0):
 garbage-first heap   total 385024K, used 159136K [0x00000000a0000000, 0x0000000100000000)
  region size 1024K, 2 young (2048K), 2 survivors (2048K)
 Metaspace       used 156436K, capacity 160600K, committed 163240K, reserved 1191936K
  class space    used 19463K, capacity 21010K, committed 21760K, reserved 1048576K
}

Deoptimization events (20 events):
Event: 1995.334 Thread 0x000001a1dade4800 Uncommon trap: trap_request=0xffffffc6 fr.pc=0x000001a1c21d8258 relative=0x0000000000000c98
Event: 1995.334 Thread 0x000001a1dade4800 Uncommon trap: reason=bimorphic_or_optimized_type_check action=maybe_recompile pc=0x000001a1c21d8258 method=com.google.common.collect.ImmutableMap.copyOf(Ljava/util/Map;)Lcom/google/common/collect/ImmutableMap; @ 49 c2
Event: 1995.334 Thread 0x000001a1dade4800 DEOPT PACKING pc=0x000001a1c21d8258 sp=0x00000060ec4fe070
Event: 1995.334 Thread 0x000001a1dade4800 DEOPT UNPACKING pc=0x000001a1b954662f sp=0x00000060ec4fe048 mode 2
Event: 1995.355 Thread 0x000001a1dade4800 Uncommon trap: trap_request=0xffffffbe fr.pc=0x000001a1c13874d4 relative=0x0000000000002eb4
Event: 1995.355 Thread 0x000001a1dade4800 Uncommon trap: reason=profile_predicate action=maybe_recompile pc=0x000001a1c13874d4 method=java.util.jar.Attributes$Name.hash(Ljava/lang/String;)I @ 39 c2
Event: 1995.355 Thread 0x000001a1dade4800 DEOPT PACKING pc=0x000001a1c13874d4 sp=0x00000060ec4fdb10
Event: 1995.355 Thread 0x000001a1dade4800 DEOPT UNPACKING pc=0x000001a1b954662f sp=0x00000060ec4fd9b8 mode 2
Event: 1995.355 Thread 0x000001a1dade4800 Uncommon trap: trap_request=0xffffffbe fr.pc=0x000001a1c13874d4 relative=0x0000000000002eb4
Event: 1995.355 Thread 0x000001a1dade4800 Uncommon trap: reason=profile_predicate action=maybe_recompile pc=0x000001a1c13874d4 method=java.util.jar.Attributes$Name.hash(Ljava/lang/String;)I @ 39 c2
Event: 1995.355 Thread 0x000001a1dade4800 DEOPT PACKING pc=0x000001a1c13874d4 sp=0x00000060ec4fdb10
Event: 1995.355 Thread 0x000001a1dade4800 DEOPT UNPACKING pc=0x000001a1b954662f sp=0x00000060ec4fd9b8 mode 2
Event: 1995.358 Thread 0x000001a1dade4800 DEOPT PACKING pc=0x000001a1ba0d537c sp=0x00000060ec4fd390
Event: 1995.358 Thread 0x000001a1dade4800 DEOPT UNPACKING pc=0x000001a1b9546dde sp=0x00000060ec4fc858 mode 0
Event: 1995.358 Thread 0x000001a1dade4800 DEOPT PACKING pc=0x000001a1bab25c34 sp=0x00000060ec4fd330
Event: 1995.358 Thread 0x000001a1dade4800 DEOPT UNPACKING pc=0x000001a1b9546dde sp=0x00000060ec4fc7f0 mode 0
Event: 1995.359 Thread 0x000001a1dade4800 DEOPT PACKING pc=0x000001a1bab253a2 sp=0x00000060ec4fd420
Event: 1995.359 Thread 0x000001a1dade4800 DEOPT UNPACKING pc=0x000001a1b9546dde sp=0x00000060ec4fc898 mode 0
Event: 1995.359 Thread 0x000001a1dade4800 DEOPT PACKING pc=0x000001a1bab25c34 sp=0x00000060ec4fd470
Event: 1995.359 Thread 0x000001a1dade4800 DEOPT UNPACKING pc=0x000001a1b9546dde sp=0x00000060ec4fc930 mode 0

Classes redefined (0 events):
No events

Internal exceptions (20 events):
Event: 1994.592 Thread 0x000001a1dadd5800 Exception <a 'java/lang/NoSuchMethodError'{0x00000000b189ee70}: <clinit>> (0x00000000b189ee70) thrown at [./src/hotspot/share/prims/jni.cpp, line 1362]
Event: 1994.592 Thread 0x000001a1dadd5800 Exception <a 'java/lang/NoSuchMethodError'{0x00000000b18b0ea8}: <clinit>> (0x00000000b18b0ea8) thrown at [./src/hotspot/share/prims/jni.cpp, line 1362]
Event: 1994.602 Thread 0x000001a1dadd5800 Exception <a 'java/lang/NoSuchMethodError'{0x00000000b1760490}: 'java.lang.Object java.lang.invoke.DirectMethodHandle$Holder.invokeSpecial(java.lang.Object, java.lang.Object, int, int, java.lang.Object, int, java.lang.Object, java.lang.Object)'> (0x00000000b1760490) thrown at [./src/hotspot/share/interpreter/linkResolver.cpp, line 773]
Event: 1994.602 Thread 0x000001a1dadd5800 Exception <a 'java/lang/NoSuchMethodError'{0x00000000b1764818}: 'java.lang.Object java.lang.invoke.DelegatingMethodHandle$Holder.reinvoke_L(java.lang.Object, int, int, java.lang.Object, int, java.lang.Object, java.lang.Object)'> (0x00000000b1764818) thrown at [./src/hotspot/share/interpreter/linkResolver.cpp, line 773]
Event: 1994.603 Thread 0x000001a1dadd5800 Exception <a 'java/lang/NoSuchMethodError'{0x00000000b178f7d0}: 'java.lang.Object java.lang.invoke.DirectMethodHandle$Holder.invokeStatic(java.lang.Object, java.lang.Object, java.lang.Object, java.lang.Object, java.lang.Object, java.lang.Object, java.lang.Object, java.lang.Object, int)'> (0x00000000b178f7d0) thrown at [./src/hotspot/share/interpreter/linkResolver.cpp, line 773]
Event: 1994.605 Thread 0x000001a1dadd5800 Exception <a 'java/lang/NoSuchMethodError'{0x00000000b17aa7f8}: 'java.lang.Object java.lang.invoke.DirectMethodHandle$Holder.invokeStatic(java.lang.Object, java.lang.Object, java.lang.Object, java.lang.Object, java.lang.Object, java.lang.Object, java.lang.Object, java.lang.Object, int, int)'> (0x00000000b17aa7f8) thrown at [./src/hotspot/share/interpreter/linkResolver.cpp, line 773]
Event: 1994.606 Thread 0x000001a1dadd5800 Exception <a 'java/lang/NoSuchMethodError'{0x00000000b17c6e48}: 'java.lang.Object java.lang.invoke.DirectMethodHandle$Holder.invokeStatic(java.lang.Object, java.lang.Object, java.lang.Object, java.lang.Object, java.lang.Object, java.lang.Object, java.lang.Object, java.lang.Object, int, int, java.lang.Object)'> (0x00000000b17c6e48) thrown at [./src/hotspot/share/interpreter/linkResolver.cpp, line 773]
Event: 1994.607 Thread 0x000001a1dadd5800 Exception <a 'java/lang/NoSuchMethodError'{0x00000000b17e4868}: 'java.lang.Object java.lang.invoke.DirectMethodHandle$Holder.invokeStatic(java.lang.Object, java.lang.Object, java.lang.Object, java.lang.Object, java.lang.Object, java.lang.Object, java.lang.Object, java.lang.Object, int, int, java.lang.Object, java.lang.Object)'> (0x00000000b17e4868) thrown at [./src/hotspot/share/interpreter/linkResolver.cpp, line 773]
Event: 1994.613 Thread 0x000001a1dadd5800 Exception <a 'java/lang/NoSuchMethodError'{0x00000000b1617738}: <clinit>> (0x00000000b1617738) thrown at [./src/hotspot/share/prims/jni.cpp, line 1362]
Event: 1994.616 Thread 0x000001a1dadd5800 Exception <a 'java/lang/NoSuchMethodError'{0x00000000b164fae8}: <clinit>> (0x00000000b164fae8) thrown at [./src/hotspot/share/prims/jni.cpp, line 1362]
Event: 1994.623 Thread 0x000001a1dade2800 Exception <a 'java/lang/InterruptedException'{0x00000000b165fa08}> (0x00000000b165fa08) thrown at [./src/hotspot/share/runtime/objectMonitor.cpp, line 1635]
Event: 1994.624 Thread 0x000001a1dade2800 Exception <a 'java/lang/NoSuchMethodError'{0x00000000b1667a70}: 'java.lang.Object java.lang.invoke.DirectMethodHandle$Holder.invokeStatic(java.lang.Object, java.lang.Object, int, java.lang.Object, long)'> (0x00000000b1667a70) thrown at [./src/hotspot/share/interpreter/linkResolver.cpp, line 773]
Event: 1994.640 Thread 0x000001a1dadd5800 Exception <a 'java/lang/NoSuchMethodError'{0x00000000b16ca630}: <clinit>> (0x00000000b16ca630) thrown at [./src/hotspot/share/prims/jni.cpp, line 1362]
Event: 1994.641 Thread 0x000001a1dadd5800 Exception <a 'java/lang/NoSuchMethodError'{0x00000000b16dc930}: <clinit>> (0x00000000b16dc930) thrown at [./src/hotspot/share/prims/jni.cpp, line 1362]
Event: 1994.642 Thread 0x000001a1dadd5800 Exception <a 'java/lang/NoSuchMethodError'{0x00000000b16ee9a0}: <clinit>> (0x00000000b16ee9a0) thrown at [./src/hotspot/share/prims/jni.cpp, line 1362]
Event: 1994.647 Thread 0x000001a1dadd5800 Exception <a 'java/lang/NoSuchMethodError'{0x00000000b15215f8}: <clinit>> (0x00000000b15215f8) thrown at [./src/hotspot/share/prims/jni.cpp, line 1362]
Event: 1994.663 Thread 0x000001a1dadd5800 Exception <a 'java/lang/NoSuchMethodError'{0x00000000b1442148}: <clinit>> (0x00000000b1442148) thrown at [./src/hotspot/share/prims/jni.cpp, line 1362]
Event: 1994.665 Thread 0x000001a1dadd5800 Exception <a 'java/lang/NoSuchMethodError'{0x00000000b14b0618}: <clinit>> (0x00000000b14b0618) thrown at [./src/hotspot/share/prims/jni.cpp, line 1362]
Event: 1994.720 Thread 0x000001a1dadec800 Exception <a 'java/lang/NoSuchMethodError'{0x00000000b1290688}: 'java.lang.Object java.lang.invoke.DirectMethodHandle$Holder.invokeStatic(java.lang.Object, java.lang.Object, java.lang.Object, java.lang.Object, java.lang.Object, java.lang.Object, java.lang.Object, java.lang.Object, java.lang.Object, java.lang.Object, java.lang.Object, java.lang.Object, java.lang.Object, int)'> (0x00000000b1290688) thrown at [./src/hotspot/share/interpreter/linkResolver.cpp, line 773]
Event: 1994.722 Thread 0x000001a1dadec800 Exception <a 'java/lang/NoSuchMethodError'{0x00000000b129d5a8}: 'java.lang.Object java.lang.invoke.DirectMethodHandle$Holder.invokeStatic(java.lang.Object, java.lang.Object, java.lang.Object, java.lang.Object, java.lang.Object, java.lang.Object, java.lang.Object, java.lang.Object, java.lang.Object, java.lang.Object, java.lang.Object, java.lang.Object, java.lang.Object, int, int)'> (0x00000000b129d5a8) thrown at [./src/hotspot/share/interpreter/linkResolver.cpp, line 773]

Events (20 events):
Event: 1995.280 loading class sun/rmi/transport/DGCClient$EndpointEntry$CleanRequest done
Event: 1995.283 Executing VM operation: RevokeBias
Event: 1995.283 Executing VM operation: RevokeBias done
Event: 1995.283 Thread 0x000001a1dade2800 Thread exited: 0x000001a1dade2800
Event: 1995.302 Executing VM operation: G1CollectForAllocation
Event: 1995.312 Executing VM operation: G1CollectForAllocation done
Event: 1995.335 loading class com/google/common/collect/HashBiMap$Inverse
Event: 1995.335 loading class com/google/common/collect/HashBiMap$Inverse done
Event: 1995.344 loading class java/util/zip/InflaterOutputStream
Event: 1995.344 loading class java/util/zip/InflaterOutputStream done
Event: 1995.346 loading class com/android/apksig/internal/apk/v1/V1SchemeVerifier$NamedDigest
Event: 1995.346 loading class com/android/apksig/internal/apk/v1/V1SchemeVerifier$NamedDigest done
Event: 1995.346 Executing VM operation: RevokeBias
Event: 1995.346 Executing VM operation: RevokeBias done
Event: 1995.346 Executing VM operation: RevokeBias
Event: 1995.346 Executing VM operation: RevokeBias done
Event: 1995.357 Executing VM operation: RevokeBias
Event: 1995.357 Executing VM operation: RevokeBias done
Event: 1995.357 Executing VM operation: RevokeBias
Event: 1995.357 Executing VM operation: RevokeBias done


Dynamic libraries:
0x00007ff6b0b40000 - 0x00007ff6b0b4a000 	C:\Program Files\Android\Android Studio\jre\bin\java.exe
0x00007ffeb0390000 - 0x00007ffeb05a7000 	C:\WINDOWS\SYSTEM32\ntdll.dll
0x00007ffeaffe0000 - 0x00007ffeb00a4000 	C:\WINDOWS\System32\KERNEL32.DLL
0x00007ffead950000 - 0x00007ffeadd0a000 	C:\WINDOWS\System32\KERNELBASE.dll
0x00007ffead830000 - 0x00007ffead941000 	C:\WINDOWS\System32\ucrtbase.dll
0x00007ffe72610000 - 0x00007ffe72627000 	C:\Program Files\Android\Android Studio\jre\bin\VCRUNTIME140.dll
0x00007ffe70ea0000 - 0x00007ffe70eb9000 	C:\Program Files\Android\Android Studio\jre\bin\jli.dll
0x00007ffeaee80000 - 0x00007ffeaf02e000 	C:\WINDOWS\System32\USER32.dll
0x00007ffead6e0000 - 0x00007ffead706000 	C:\WINDOWS\System32\win32u.dll
0x00007ffe8a360000 - 0x00007ffe8a5f2000 	C:\WINDOWS\WinSxS\amd64_microsoft.windows.common-controls_6595b64144ccf1df_6.0.22621.4541_none_2710d1c57384c085\COMCTL32.dll
0x00007ffeb0320000 - 0x00007ffeb0349000 	C:\WINDOWS\System32\GDI32.dll
0x00007ffeae290000 - 0x00007ffeae337000 	C:\WINDOWS\System32\msvcrt.dll
0x00007ffead710000 - 0x00007ffead82b000 	C:\WINDOWS\System32\gdi32full.dll
0x00007ffeadd10000 - 0x00007ffeaddaa000 	C:\WINDOWS\System32\msvcp_win.dll
0x00007ffeae6d0000 - 0x00007ffeae701000 	C:\WINDOWS\System32\IMM32.DLL
0x00007ffe6e500000 - 0x00007ffe6e59d000 	C:\Program Files\Android\Android Studio\jre\bin\msvcp140.dll
0x00007ffdefab0000 - 0x00007ffdf0585000 	C:\Program Files\Android\Android Studio\jre\bin\server\jvm.dll
0x00007ffeaec80000 - 0x00007ffeaed32000 	C:\WINDOWS\System32\ADVAPI32.dll
0x00007ffeaea70000 - 0x00007ffeaeb17000 	C:\WINDOWS\System32\sechost.dll
0x00007ffeae060000 - 0x00007ffeae088000 	C:\WINDOWS\System32\bcrypt.dll
0x00007ffeaed50000 - 0x00007ffeaee64000 	C:\WINDOWS\System32\RPCRT4.dll
0x00007ffeae740000 - 0x00007ffeae748000 	C:\WINDOWS\System32\PSAPI.DLL
0x00007ffe8a1b0000 - 0x00007ffe8a1b9000 	C:\WINDOWS\SYSTEM32\WSOCK32.dll
0x00007ffea26e0000 - 0x00007ffea2714000 	C:\WINDOWS\SYSTEM32\WINMM.dll
0x00007ffea26d0000 - 0x00007ffea26da000 	C:\WINDOWS\SYSTEM32\VERSION.dll
0x00007ffeaec00000 - 0x00007ffeaec71000 	C:\WINDOWS\System32\WS2_32.dll
0x00007ffeac6a0000 - 0x00007ffeac6b8000 	C:\WINDOWS\SYSTEM32\kernel.appcore.dll
0x00007ffdefa50000 - 0x00007ffdefa61000 	C:\Program Files\Android\Android Studio\jre\bin\verify.dll
0x00007ffeab0a0000 - 0x00007ffeab2d2000 	C:\WINDOWS\SYSTEM32\DBGHELP.DLL
0x00007ffeae340000 - 0x00007ffeae6cf000 	C:\WINDOWS\System32\combase.dll
0x00007ffeaeb20000 - 0x00007ffeaebf7000 	C:\WINDOWS\System32\OLEAUT32.dll
0x00007ffe90c10000 - 0x00007ffe90c42000 	C:\WINDOWS\SYSTEM32\dbgcore.DLL
0x00007ffeadfe0000 - 0x00007ffeae05b000 	C:\WINDOWS\System32\bcryptPrimitives.dll
0x00007ffdefa20000 - 0x00007ffdefa49000 	C:\Program Files\Android\Android Studio\jre\bin\java.dll
0x00007ffdf41d0000 - 0x00007ffdf41db000 	C:\Program Files\Android\Android Studio\jre\bin\jimage.dll
0x00007ffdefa00000 - 0x00007ffdefa18000 	C:\Program Files\Android\Android Studio\jre\bin\zip.dll
0x00007ffeaf1f0000 - 0x00007ffeafa68000 	C:\WINDOWS\System32\SHELL32.dll
0x00007ffeab5a0000 - 0x00007ffeabea8000 	C:\WINDOWS\SYSTEM32\windows.storage.dll
0x00007ffeab460000 - 0x00007ffeab59f000 	C:\WINDOWS\SYSTEM32\wintypes.dll
0x00007ffeb00b0000 - 0x00007ffeb01aa000 	C:\WINDOWS\System32\SHCORE.dll
0x00007ffeafef0000 - 0x00007ffeaff4e000 	C:\WINDOWS\System32\shlwapi.dll
0x00007ffead590000 - 0x00007ffead5bb000 	C:\WINDOWS\SYSTEM32\profapi.dll
0x00007ffdef9a0000 - 0x00007ffdef9ba000 	C:\Program Files\Android\Android Studio\jre\bin\net.dll
0x00007ffea84b0000 - 0x00007ffea85e6000 	C:\WINDOWS\SYSTEM32\WINHTTP.dll
0x00007ffeacb20000 - 0x00007ffeacb89000 	C:\WINDOWS\system32\mswsock.dll
0x00007ffdef980000 - 0x00007ffdef994000 	C:\Program Files\Android\Android Studio\jre\bin\nio.dll
0x00007ffe76850000 - 0x00007ffe76877000 	C:\Users\KubMak\.gradle\native\e1d6ef7f7dcc3fd88c89a11ec53ec762bb8ba0a96d01ffa2cd45eb1d1d8dd5c5\windows-amd64\native-platform.dll
0x00007ffe41250000 - 0x00007ffe41394000 	C:\Users\KubMak\.gradle\native\5664cfc778a61ccfe75a443a1ab52a65af34e5dc3c78e0209fed803814484fcb\windows-amd64\native-platform-file-events.dll
0x00007ffdec860000 - 0x00007ffdec86a000 	C:\Program Files\Android\Android Studio\jre\bin\management.dll
0x00007ffdec850000 - 0x00007ffdec85d000 	C:\Program Files\Android\Android Studio\jre\bin\management_ext.dll
0x00007ffeacd70000 - 0x00007ffeacd8b000 	C:\WINDOWS\SYSTEM32\CRYPTSP.dll
0x00007ffeac600000 - 0x00007ffeac635000 	C:\WINDOWS\system32\rsaenh.dll
0x00007ffeacc10000 - 0x00007ffeacc38000 	C:\WINDOWS\SYSTEM32\USERENV.dll
0x00007ffeacd90000 - 0x00007ffeacd9c000 	C:\WINDOWS\SYSTEM32\CRYPTBASE.dll
0x00007ffeac150000 - 0x00007ffeac17d000 	C:\WINDOWS\SYSTEM32\IPHLPAPI.DLL
0x00007ffeaed40000 - 0x00007ffeaed49000 	C:\WINDOWS\System32\NSI.dll
0x00007ffea82a0000 - 0x00007ffea82b9000 	C:\WINDOWS\SYSTEM32\dhcpcsvc6.DLL
0x00007ffea82c0000 - 0x00007ffea82df000 	C:\WINDOWS\SYSTEM32\dhcpcsvc.DLL
0x00007ffeac180000 - 0x00007ffeac282000 	C:\WINDOWS\SYSTEM32\DNSAPI.dll
0x00007ffde46b0000 - 0x00007ffde46d7000 	C:\Program Files\Android\Android Studio\jre\bin\sunec.dll
0x0000000059fc0000 - 0x0000000059fcb000 	C:\Program Files\National Instruments\Shared\mDNS Responder\nimdnsNSP.dll
0x0000000059fa0000 - 0x0000000059fb1000 	C:\WINDOWS\SYSTEM32\nimdnsResponder.dll
0x00007ffea8430000 - 0x00007ffea843a000 	C:\Windows\System32\rasadhlp.dll
0x00007ffea55b0000 - 0x00007ffea5633000 	C:\WINDOWS\System32\fwpuclnt.dll
0x00007ffeac7b0000 - 0x00007ffeac7e4000 	C:\WINDOWS\SYSTEM32\ntmarta.dll
0x00007ffea7670000 - 0x00007ffea7707000 	C:\WINDOWS\system32\apphelp.dll
0x00007ffe97ec0000 - 0x00007ffe97ede000 	C:\Users\KubMak\AppData\Local\Temp\native-platform12672790708676385629dir\native-platform.dll
0x00007ffe90ff0000 - 0x00007ffe90ff8000 	C:\Program Files\Android\Android Studio\jre\bin\rmi.dll

dbghelp: loaded successfully - version: 4.0.5 - missing functions: none
symbol engine: initialized successfully - sym options: 0x614 - pdb path: .;C:\Program Files\Android\Android Studio\jre\bin;C:\WINDOWS\SYSTEM32;C:\WINDOWS\WinSxS\amd64_microsoft.windows.common-controls_6595b64144ccf1df_6.0.22621.4541_none_2710d1c57384c085;C:\Program Files\Android\Android Studio\jre\bin\server;C:\Users\KubMak\.gradle\native\e1d6ef7f7dcc3fd88c89a11ec53ec762bb8ba0a96d01ffa2cd45eb1d1d8dd5c5\windows-amd64;C:\Users\KubMak\.gradle\native\5664cfc778a61ccfe75a443a1ab52a65af34e5dc3c78e0209fed803814484fcb\windows-amd64;C:\Program Files\National Instruments\Shared\mDNS Responder;C:\Users\KubMak\AppData\Local\Temp\native-platform12672790708676385629dir

VM Arguments:
jvm_args: --add-opens=java.base/java.util=ALL-UNNAMED --add-opens=java.base/java.lang=ALL-UNNAMED --add-opens=java.base/java.lang.invoke=ALL-UNNAMED --add-opens=java.base/java.util=ALL-UNNAMED --add-opens=java.prefs/java.util.prefs=ALL-UNNAMED --add-opens=java.prefs/java.util.prefs=ALL-UNNAMED --add-opens=java.base/java.nio.charset=ALL-UNNAMED --add-opens=java.base/java.net=ALL-UNNAMED --add-opens=java.base/java.util.concurrent.atomic=ALL-UNNAMED -Xmx1536m -Dfile.encoding=windows-1250 -Duser.country=CZ -Duser.language=cs -Duser.variant 
java_command: org.gradle.launcher.daemon.bootstrap.GradleDaemon 7.2
java_class_path (initial): C:\Users\KubMak\.gradle\wrapper\dists\gradle-7.2-bin\2dnblmf4td7x66yl1d74lt32g\gradle-7.2\lib\gradle-launcher-7.2.jar
Launcher Type: SUN_STANDARD

[Global flags]
     intx CICompilerCount                          = 4                                         {product} {ergonomic}
     uint ConcGCThreads                            = 3                                         {product} {ergonomic}
     uint G1ConcRefinementThreads                  = 10                                        {product} {ergonomic}
   size_t G1HeapRegionSize                         = 1048576                                   {product} {ergonomic}
    uintx GCDrainStackTargetSize                   = 64                                        {product} {ergonomic}
   size_t InitialHeapSize                          = 257949696                                 {product} {ergonomic}
   size_t MarkStackSize                            = 4194304                                   {product} {ergonomic}
   size_t MaxHeapSize                              = 1610612736                                {product} {command line}
   size_t MaxNewSize                               = 965738496                                 {product} {ergonomic}
   size_t MinHeapDeltaBytes                        = 1048576                                   {product} {ergonomic}
    uintx NonNMethodCodeHeapSize                   = 5836300                                {pd product} {ergonomic}
    uintx NonProfiledCodeHeapSize                  = 122910970                              {pd product} {ergonomic}
    uintx ProfiledCodeHeapSize                     = 122910970                              {pd product} {ergonomic}
    uintx ReservedCodeCacheSize                    = 251658240                              {pd product} {ergonomic}
     bool SegmentedCodeCache                       = true                                      {product} {ergonomic}
     bool UseCompressedClassPointers               = true                                 {lp64_product} {ergonomic}
     bool UseCompressedOops                        = true                                 {lp64_product} {ergonomic}
     bool UseG1GC                                  = true                                      {product} {ergonomic}
     bool UseLargePagesIndividualAllocation        = false                                  {pd product} {ergonomic}

Logging:
Log output configuration:
 #0: stdout all=warning uptime,level,tags
 #1: stderr all=off uptime,level,tags

Environment Variables:
PATH=C:\Program Files\National Instruments\Shared\OpenVINO\;C:\Program Files\Microsoft MPI\Bin\;C:\Program Files (x86)\VMware\VMware Workstation\bin\;C:\Program Files\Microsoft\jdk-11.0.16.101-hotspot\bin;C:\Program Files\Python312\Scripts\;C:\Program Files\Python312\;C:\Program Files (x86)\Common Files\Intel\Shared Libraries\redist\intel64_win\compiler;C:\Program Files\Python310\Scripts\;C:\Program Files\Python310\;C:\Program Files (x86)\Common Files\Oracle\Java\javapath;C:\WINDOWS\system32;C:\WINDOWS;C:\WINDOWS\System32\Wbem;C:\WINDOWS\System32\WindowsPowerShell\v1.0\;C:\WINDOWS\System32\OpenSSH\;C:\Program Files\PuTTY\;C:\Program Files\Microsoft VS Code\bin;C:\Program Files\dotnet\;C:\Program Files\Microsoft SQL Server\130\Tools\Binn\;C:\Program Files (x86)\dotnet\;C:\Program Files (x86)\IVI Foundation\VISA\WinNT\Bin;C:\Program Files\git-cola\bin;C:\ProgramData\chocolatey\bin;C:\Program Files (x86)\Touch Portal\plugins\adb\platform-tools;C:\Program Files\MATLAB\R2022b\runtime\win64;C:\Program Files\MATLAB\R2022b\bin;C:\Program Files\Microsoft SQL Server\150\Tools\Binn\;C:\Program Files\Microsoft SQL Server\Client SDK\ODBC\170\Tools\Binn\;C:\Program Files\Git\cmd;C:\Program Files\nodejs\;C:\Users\KubMak\AppData\Local\Microsoft\WindowsApps;C:\Users\KubMak\AppData\Local\GitHubDesktop\bin;C:\Program Files (x86)\Nmap;C:\Users\KubMak\.dotnet\tools;C:\Users\KubMak\AppData\Local\Microsoft\WindowsApps;C:\Program Files (x86)\Atmel\Flip 3.4.7\bin;C:\Users\KubMak\AppData\Local\JetBrains\Toolbox\scripts;C:\Users\KubMak\.dotnet\tools;C:\Users\KubMak\AppData\Local\Programs\Hyper\resources\bin;C:\Users\KubMak\AppData\Roaming\npm;C:\Program Files\Imaginando\VS
USERNAME=KubMak
OS=Windows_NT
PROCESSOR_IDENTIFIER=AMD64 Family 23 Model 104 Stepping 1, AuthenticAMD



---------------  S Y S T E M  ---------------

OS: Windows 10 , 64 bit Build 22621 (10.0.22621.4391)
OS uptime: 0 days 0:41 hours

CPU:total 12 (initial active 12) (12 cores per cpu, 2 threads per core) family 23 model 104 stepping 1 microcode 0x0, cmov, cx8, fxsr, mmx, sse, sse2, sse3, ssse3, sse4.1, sse4.2, popcnt, avx, avx2, aes, clmul, mmxext, 3dnowpref, lzcnt, sse4a, ht, tsc, tscinvbit, tscinv, bmi1, bmi2, adx,

Memory: 4k page, system-wide physical 15679M (2586M free)
TotalPageFile size 15679M (AvailPageFile size 5M)
current process WorkingSet (physical memory assigned to process): 828M, peak: 872M
current process commit charge ("private bytes"): 868M, peak: 920M

vm_info: OpenJDK 64-Bit Server VM (11.0.11+9-b60-7590822) for windows-amd64 JRE (11.0.11+9-b60-7590822), built on Jul 29 2021 21:43:44 by "builder" with MS VC++ 14.0 (VS2015)

END.
